4;18/01/2024;00:00:00;"4.351.1";4;3;38;S01,S02,S03,S04,S08,S09|S05|S06,S07|S10,S11,S12,S13,S14,S15
4;18/01/2024;00:01:00;"4.351.1";4;3;38;S01,S02,S03,S04,S08,S09|S05|S06,S07|S10,S11,S12,S13,S14,S15
4;18/01/2024;00:02:00;"4.351.1";4;3;39;S01,S02,S03,S04,S08,S09|S05|S06,S07|S10,S11,S12,S13,S14,S15
4;18/01/2024;00:03:00;"4.351.1";4;3;37;S01,S02,S03,S04,S08,S09|S05|S06,S07|S10,S11,S12,S13,S14,S15
4;18/01/2024;00:04:00;"4.351.1";4;3;35;S01,S02,S03,S04,S08,S09|S05|S06,S07|S10,S11,S12,S13,S14,S15
4;18/01/2024;00:05:00;"4.351.1";4;3;35;S01,S02,S03,S04,S08,S09|S05|S06,S07|S10,S11,S12,S13,S14,S15
4;18/01/2024;00:06:00;"4.351.1";4;3;35;S01,S02,S03,S04,S08,S09|S05|S06,S07|S10,S11,S12,S13,S14,S15
4;18/01/2024;00:07:00;"4.351.1";4;3;36;S01,S02,S03,S04,S08,S09|S05|S06,S07|S10,S11,S12,S13,S14,S15
4;18/01/2024;00:08:00;"4.351.1";4;3;34;S01,S02,S03,S04,S08,S09|S05|S06,S07|S10,S11,S12,S13,S14,S15
4;18/01/2024;00:09:00;"4.351.1";4;3;34;S01,S02,S03,S04,S08,S09|S05|S06,S07|S10,S11,S12,S13,S14,S15
4;18/01/2024;00:10:00;"4.351.1";4;3;34;S01,S02,S03,S04,S08,S09|S05|S06,S07|S10,S11,S12,S13,S14,S15
4;18/01/2024;00:11:00;"4.351.1";4;3;33;S01,S02,S03,S04,S08,S09|S05|S06,S07|S10,S11,S12,S13,S14,S15
4;18/01/2024;00:12:00;"4.351.1";4;3;33;S01,S02,S03,S04,S08,S09|S05|S06,S07|S10,S11,S12,S13,S14,S15
4;18/01/2024;00:13:00;"4.351.1";4;3;33;S01,S02,S03,S04,S08,S09|S05|S06,S07|S10,S11,S12,S13,S14,S15
4;18/01/2024;00:14:00;"4.351.1";4;3;33;S01,S02,S03,S04,S08,S09|S05|S06,S07|S10,S11,S12,S13,S14,S15
4;18/01/2024;00:15:00;"4.351.1";4;3;33;S01,S02,S03,S04,S08,S09|S05|S06,S07|S10,S11,S12,S13,S14,S15
4;18/01/2024;00:16:00;"4.351.1";4;3;33;S01,S02,S03,S04,S08,S09|S05|S06,S07|S10,S11,S12,S13,S14,S15
4;18/01/2024;00:17:00;"4.351.1";4;3;34;S01,S02,S03,S04,S08,S09|S05|S06,S07|S10,S11,S12,S13,S14,S15
4;18/01/2024;00:18:00;"4.351.1";4;3;36;S01,S02,S03,S04,S08,S09|S05|S06,S07|S10,S11,S12,S13,S14,S15
4;18/01/2024;00:19:00;"4.351.1";4;3;34;S01,S02,S03,S04,S08,S09|S05|S06,S07|S10,S11,S12,S13,S14,S15
4;18/01/2024;00:20:00;"4.351.1";4;3;35;S01,S02,S03,S04,S08,S09|S05|S06,S07|S10,S11,S12,S13,S14,S15
4;18/01/2024;00:21:00;"4.351.1";4;3;34;S01,S02,S03,S04,S08,S09|S05|S06,S07|S10,S11,S12,S13,S14,S15
4;18/01/2024;00:22:00;"4.351.1";4;3;34;S01,S02,S03,S04,S08,S09|S05|S06,S07|S10,S11,S12,S13,S14,S15
4;18/01/2024;00:23:00;"4.351.1";4;3;38;S01,S02,S03,S04,S08,S09|S05|S06,S07|S10,S11,S12,S13,S14,S15
4;18/01/2024;00:24:00;"4.351.1";4;3;38;S01,S02,S03,S04,S08,S09|S05|S06,S07|S10,S11,S12,S13,S14,S15
4;18/01/2024;00:25:00;"4.351.1";4;3;37;S01,S02,S03,S04,S08,S09|S05|S06,S07|S10,S11,S12,S13,S14,S15
4;18/01/2024;00:26:00;"4.351.1";4;3;38;S01,S02,S03,S04,S08,S09|S05|S06,S07|S10,S11,S12,S13,S14,S15
4;18/01/2024;00:27:00;"4.351.1";4;3;37;S01,S02,S03,S04,S08,S09|S05|S06,S07|S10,S11,S12,S13,S14,S15
4;18/01/2024;00:28:00;"4.351.1";4;3;37;S01,S02,S03,S04,S08,S09|S05|S06,S07|S10,S11,S12,S13,S14,S15
4;18/01/2024;00:29:00;"4.351.1";4;3;37;S01,S02,S03,S04,S08,S09|S05|S06,S07|S10,S11,S12,S13,S14,S15
4;18/01/2024;00:30:00;"4.351.1";4;3;37;S01,S02,S03,S04,S08,S09|S05|S06,S07|S10,S11,S12,S13,S14,S15
4;18/01/2024;00:31:00;"4.351.1";4;3;37;S01,S02,S03,S04,S08,S09|S05|S06,S07|S10,S11,S12,S13,S14,S15
4;18/01/2024;00:32:00;"4.351.1";4;3;37;S01,S02,S03,S04,S08,S09|S05|S06,S07|S10,S11,S12,S13,S14,S15
4;18/01/2024;00:33:00;"4.351.1";4;3;38;S01,S02,S03,S04,S08,S09|S05|S06,S07|S10,S11,S12,S13,S14,S15
4;18/01/2024;00:34:00;"4.351.1";4;3;37;S01,S02,S03,S04,S08,S09|S05|S06,S07|S10,S11,S12,S13,S14,S15
4;18/01/2024;00:35:00;"4.351.1";4;3;37;S01,S02,S03,S04,S08,S09|S05|S06,S07|S10,S11,S12,S13,S14,S15
4;18/01/2024;00:36:00;"4.351.1";4;3;34;S01,S02,S03,S04,S08,S09|S05|S06,S07|S10,S11,S12,S13,S14,S15
4;18/01/2024;00:37:00;"4.351.1";4;3;33;S01,S02,S03,S04,S08,S09|S05|S06,S07|S10,S11,S12,S13,S14,S15
4;18/01/2024;00:38:00;"4.351.1";4;3;32;S01,S02,S03,S04,S08,S09|S05|S06,S07|S10,S11,S12,S13,S14,S15
4;18/01/2024;00:39:00;"4.351.1";4;3;32;S01,S02,S03,S04,S08,S09|S05|S06,S07|S10,S11,S12,S13,S14,S15
4;18/01/2024;00:40:00;"4.351.1";4;3;31;S01,S02,S03,S04,S08,S09|S05|S06,S07|S10,S11,S12,S13,S14,S15
4;18/01/2024;00:41:00;"4.351.1";4;3;32;S01,S02,S03,S04,S08,S09|S05|S06,S07|S10,S11,S12,S13,S14,S15
4;18/01/2024;00:42:00;"4.351.1";4;3;33;S01,S02,S03,S04,S08,S09|S05|S06,S07|S10,S11,S12,S13,S14,S15
4;18/01/2024;00:43:00;"4.351.1";4;3;34;S01,S02,S03,S04,S08,S09|S05|S06,S07|S10,S11,S12,S13,S14,S15
4;18/01/2024;00:44:00;"4.351.1";4;3;34;S01,S02,S03,S04,S08,S09|S05|S06,S07|S10,S11,S12,S13,S14,S15
4;18/01/2024;00:45:00;"4.351.1";4;3;32;S01,S02,S03,S04,S08,S09|S05|S06,S07|S10,S11,S12,S13,S14,S15
4;18/01/2024;00:46:00;"4.351.1";4;3;31;S01,S02,S03,S04,S08,S09|S05|S06,S07|S10,S11,S12,S13,S14,S15
4;18/01/2024;00:47:00;"4.351.1";4;3;31;S01,S02,S03,S04,S08,S09|S05|S06,S07|S10,S11,S12,S13,S14,S15
4;18/01/2024;00:48:00;"4.351.1";4;2;32;S01,S02,S03,S04,S08,S09|S05|S06,S07|S10,S11,S12,S13,S14,S15
4;18/01/2024;00:49:00;"4.351.1";4;2;33;S01,S02,S03,S04,S08,S09|S05|S06,S07|S10,S11,S12,S13,S14,S15
4;18/01/2024;00:50:00;"4.351.1";4;2;33;S01,S02,S03,S04,S08,S09|S05|S06,S07|S10,S11,S12,S13,S14,S15
4;18/01/2024;00:51:00;"4.351.1";4;2;33;S01,S02,S03,S04,S08,S09|S05|S06,S07|S10,S11,S12,S13,S14,S15
4;18/01/2024;00:52:00;"4.351.1";4;2;33;S01,S02,S03,S04,S08,S09|S05|S06,S07|S10,S11,S12,S13,S14,S15
4;18/01/2024;00:53:00;"4.351.1";4;3;31;S01,S02,S03,S04,S08,S09|S05|S06,S07|S10,S11,S12,S13,S14,S15
4;18/01/2024;00:54:00;"4.351.1";4;3;31;S01,S02,S03,S04,S08,S09|S05|S06,S07|S10,S11,S12,S13,S14,S15
4;18/01/2024;00:55:00;"4.351.1";4;3;31;S01,S02,S03,S04,S08,S09|S05|S06,S07|S10,S11,S12,S13,S14,S15
4;18/01/2024;00:56:00;"4.351.1";4;3;33;S01,S02,S03,S04,S08,S09|S05|S06,S07|S10,S11,S12,S13,S14,S15
4;18/01/2024;00:57:00;"4.351.1";4;3;34;S01,S02,S03,S04,S08,S09|S05|S06,S07|S10,S11,S12,S13,S14,S15
4;18/01/2024;00:58:00;"4.351.1";4;3;34;S01,S02,S03,S04,S08,S09|S05|S06,S07|S10,S11,S12,S13,S14,S15
4;18/01/2024;00:59:00;"4.351.1";4;3;36;S01,S02,S03,S04,S08,S09|S05|S06,S07|S10,S11,S12,S13,S14,S15
4;18/01/2024;01:00:00;"4.351.1";4;3;35;S01,S02,S03,S04,S08,S09|S05|S06,S07|S10,S11,S12,S13,S14,S15
4;18/01/2024;01:01:00;"4.351.1";4;3;34;S01,S02,S03,S04,S08,S09|S05|S06,S07|S10,S11,S12,S13,S14,S15
4;18/01/2024;01:02:00;"4.351.1";4;3;34;S01,S02,S03,S04,S08,S09|S05|S06,S07|S10,S11,S12,S13,S14,S15
4;18/01/2024;01:03:00;"4.351.1";4;3;34;S01,S02,S03,S04,S08,S09|S05|S06,S07|S10,S11,S12,S13,S14,S15
4;18/01/2024;01:04:00;"4.351.1";4;3;33;S01,S02,S03,S04,S08,S09|S05|S06,S07|S10,S11,S12,S13,S14,S15
4;18/01/2024;01:05:00;"4.351.1";4;3;34;S01,S02,S03,S04,S08,S09|S05|S06,S07|S10,S11,S12,S13,S14,S15
4;18/01/2024;01:06:00;"4.351.1";4;3;35;S01,S02,S03,S04,S08,S09|S05|S06,S07|S10,S11,S12,S13,S14,S15
4;18/01/2024;01:07:00;"4.351.1";4;3;35;S01,S02,S03,S04,S08,S09|S05|S06,S07|S10,S11,S12,S13,S14,S15
4;18/01/2024;01:08:00;"4.351.1";4;3;35;S01,S02,S03,S04,S08,S09|S05|S06,S07|S10,S11,S12,S13,S14,S15
4;18/01/2024;01:09:00;"4.351.1";4;3;35;S01,S02,S03,S04,S08,S09|S05|S06,S07|S10,S11,S12,S13,S14,S15
4;18/01/2024;01:10:00;"4.351.1";4;3;34;S01,S02,S03,S04,S08,S09|S05|S06,S07|S10,S11,S12,S13,S14,S15
4;18/01/2024;01:11:00;"4.351.1";4;3;31;S01,S02,S03,S04,S08,S09|S05|S06,S07|S10,S11,S12,S13,S14,S15
4;18/01/2024;01:12:00;"4.351.1";4;3;33;S01,S02,S03,S04,S08,S09|S05|S06,S07|S10,S11,S12,S13,S14,S15
4;18/01/2024;01:13:00;"4.351.1";4;2;33;S01,S02,S03,S04,S08,S09|S05|S06,S07|S10,S11,S12,S13,S14,S15
4;18/01/2024;01:14:00;"4.351.1";4;2;33;S01,S02,S03,S04,S08,S09|S05|S06,S07|S10,S11,S12,S13,S14,S15
4;18/01/2024;01:15:00;"4.351.1";4;2;35;S01,S02,S03,S04,S08,S09|S05|S06,S07|S10,S11,S12,S13,S14,S15
4;18/01/2024;01:16:00;"4.351.1";4;2;35;S01,S02,S03,S04,S08,S09|S05|S06,S07|S10,S11,S12,S13,S14,S15
4;18/01/2024;01:17:00;"4.351.1";4;2;36;S01,S02,S03,S04,S08,S09|S05|S06,S07|S10,S11,S12,S13,S14,S15
4;18/01/2024;01:18:00;"4.351.1";4;2;36;S01,S02,S03,S04,S08,S09|S05|S06,S07|S10,S11,S12,S13,S14,S15
4;18/01/2024;01:19:00;"4.351.1";4;2;35;S01,S02,S03,S04,S08,S09|S05|S06,S07|S10,S11,S12,S13,S14,S15
4;18/01/2024;01:20:00;"4.351.1";4;2;35;S01,S02,S03,S04,S08,S09|S05|S06,S07|S10,S11,S12,S13,S14,S15
4;18/01/2024;01:21:00;"4.351.1";4;2;35;S01,S02,S03,S04,S08,S09|S05|S06,S07|S10,S11,S12,S13,S14,S15
4;18/01/2024;01:22:00;"4.351.1";4;2;37;S01,S02,S03,S04,S08,S09|S05|S06,S07|S10,S11,S12,S13,S14,S15
4;18/01/2024;01:23:00;"4.351.1";4;2;38;S01,S02,S03,S04,S08,S09|S05|S06,S07|S10,S11,S12,S13,S14,S15
4;18/01/2024;01:24:00;"4.351.1";4;2;38;S01,S02,S03,S04,S08,S09|S05|S06,S07|S10,S11,S12,S13,S14,S15
4;18/01/2024;01:25:00;"4.351.1";4;2;37;S01,S02,S03,S04,S08,S09|S05|S06,S07|S10,S11,S12,S13,S14,S15
4;18/01/2024;01:26:00;"4.351.1";4;2;36;S01,S02,S03,S04,S08,S09|S05|S06,S07|S10,S11,S12,S13,S14,S15
4;18/01/2024;01:27:00;"4.351.1";4;2;37;S01,S02,S03,S04,S08,S09|S05|S06,S07|S10,S11,S12,S13,S14,S15
4;18/01/2024;01:28:00;"4.351.1";4;2;41;S01,S02,S03,S04,S08,S09|S05|S06,S07|S10,S11,S12,S13,S14,S15
4;18/01/2024;01:29:00;"4.351.1";4;2;41;S01,S02,S03,S04,S08,S09|S05|S06,S07|S10,S11,S12,S13,S14,S15
4;18/01/2024;01:30:00;"4.351.1";4;2;41;S01,S02,S03,S04,S08,S09|S05|S06,S07|S10,S11,S12,S13,S14,S15
4;18/01/2024;01:31:00;"4.351.1";4;3;41;S01,S02,S03,S04,S08,S09|S05|S06,S07|S10,S11,S12,S13,S14,S15
4;18/01/2024;01:32:00;"4.351.1";4;3;39;S01,S02,S03,S04,S08,S09|S05|S06,S07|S10,S11,S12,S13,S14,S15
4;18/01/2024;01:33:00;"4.351.1";4;3;37;S01,S02,S03,S04,S08,S09|S05|S06,S07|S10,S11,S12,S13,S14,S15
4;18/01/2024;01:34:00;"4.351.1";4;3;37;S01,S02,S03,S04,S08,S09|S05|S06,S07|S10,S11,S12,S13,S14,S15
4;18/01/2024;01:35:00;"4.351.1";4;4;37;S01,S02,S03,S04,S08,S09|S05|S06,S07|S10,S11,S12,S13,S14,S15
4;18/01/2024;01:36:00;"4.351.1";4;4;37;S01,S02,S03,S04,S08,S09|S05|S06,S07|S10,S11,S12,S13,S14,S15
4;18/01/2024;01:37:00;"4.351.1";4;4;37;S01,S02,S03,S04,S08,S09|S05|S06,S07|S10,S11,S12,S13,S14,S15
4;18/01/2024;01:38:00;"4.351.1";4;4;36;S01,S02,S03,S04,S08,S09|S05|S06,S07|S10,S11,S12,S13,S14,S15
4;18/01/2024;01:39:00;"4.351.1";4;4;36;S01,S02,S03,S04,S08,S09|S05|S06,S07|S10,S11,S12,S13,S14,S15
4;18/01/2024;01:40:00;"4.351.1";4;4;35;S01,S02,S03,S04,S08,S09|S05|S06,S07|S10,S11,S12,S13,S14,S15
4;18/01/2024;01:41:00;"4.351.1";4;4;36;S01,S02,S03,S04,S08,S09|S05|S06,S07|S10,S11,S12,S13,S14,S15
4;18/01/2024;01:42:00;"4.351.1";4;4;36;S01,S02,S03,S04,S08,S09|S05|S06,S07|S10,S11,S12,S13,S14,S15
4;18/01/2024;01:43:00;"4.351.1";4;4;36;S01,S02,S03,S04,S08,S09|S05|S06,S07|S10,S11,S12,S13,S14,S15
4;18/01/2024;01:44:00;"4.351.1";4;4;35;S01,S02,S03,S04,S08,S09|S05|S06,S07|S10,S11,S12,S13,S14,S15
4;18/01/2024;01:45:00;"4.351.1";4;4;34;S01,S02,S03,S04,S08,S09|S05|S06,S07|S10,S11,S12,S13,S14,S15
4;18/01/2024;01:46:00;"4.351.1";4;4;35;S01,S02,S03,S04,S08,S09|S05|S06,S07|S10,S11,S12,S13,S14,S15
4;18/01/2024;01:47:00;"4.351.1";4;4;33;S01,S02,S03,S04,S08,S09|S05|S06,S07|S10,S11,S12,S13,S14,S15
4;18/01/2024;01:48:00;"4.351.1";4;4;33;S01,S02,S03,S04,S08,S09|S05|S06,S07|S10,S11,S12,S13,S14,S15
4;18/01/2024;01:49:00;"4.351.1";4;4;34;S01,S02,S03,S04,S08,S09|S05|S06,S07|S10,S11,S12,S13,S14,S15
4;18/01/2024;01:50:00;"4.351.1";4;4;34;S01,S02,S03,S04,S08,S09|S05|S06,S07|S10,S11,S12,S13,S14,S15
4;18/01/2024;01:51:00;"4.351.1";4;4;35;S01,S02,S03,S04,S08,S09|S05|S06,S07|S10,S11,S12,S13,S14,S15
4;18/01/2024;01:52:00;"4.351.1";4;4;36;S01,S02,S03,S04,S08,S09|S05|S06,S07|S10,S11,S12,S13,S14,S15
4;18/01/2024;01:53:00;"4.351.1";4;4;36;S01,S02,S03,S04,S08,S09|S05|S06,S07|S10,S11,S12,S13,S14,S15
4;18/01/2024;01:54:00;"4.351.1";4;4;36;S01,S02,S03,S04,S08,S09|S05|S06,S07|S10,S11,S12,S13,S14,S15
4;18/01/2024;01:55:00;"4.351.1";4;4;37;S01,S02,S03,S04,S08,S09|S05|S06,S07|S10,S11,S12,S13,S14,S15
4;18/01/2024;01:56:00;"4.351.1";4;4;37;S01,S02,S03,S04,S08,S09|S05|S06,S07|S10,S11,S12,S13,S14,S15
4;18/01/2024;01:57:00;"4.351.1";4;3;36;S01,S02,S03,S04,S08,S09|S05|S06,S07|S10,S11,S12,S13,S14,S15
4;18/01/2024;01:58:00;"5.421.1";5;3;36;S01,S02,S03|S04,S08,S09|S05|S06,S07,S10,S11|S12,S13,S14,S15
4;18/01/2024;01:59:00;"5.421.1";5;3;37;S01,S02,S03|S04,S08,S09|S05|S06,S07,S10,S11|S12,S13,S14,S15
4;18/01/2024;02:00:00;"5.421.1";5;3;36;S01,S02,S03|S04,S08,S09|S05|S06,S07,S10,S11|S12,S13,S14,S15
4;18/01/2024;02:01:00;"5.421.1";5;3;37;S01,S02,S03|S04,S08,S09|S05|S06,S07,S10,S11|S12,S13,S14,S15
4;18/01/2024;02:02:00;"5.421.1";5;3;36;S01,S02,S03|S04,S08,S09|S05|S06,S07,S10,S11|S12,S13,S14,S15
4;18/01/2024;02:03:00;"5.421.1";5;3;36;S01,S02,S03|S04,S08,S09|S05|S06,S07,S10,S11|S12,S13,S14,S15
4;18/01/2024;02:04:00;"5.421.1";5;3;35;S01,S02,S03|S04,S08,S09|S05|S06,S07,S10,S11|S12,S13,S14,S15
4;18/01/2024;02:05:00;"5.421.1";5;3;35;S01,S02,S03|S04,S08,S09|S05|S06,S07,S10,S11|S12,S13,S14,S15
4;18/01/2024;02:06:00;"5.421.1";5;3;36;S01,S02,S03|S04,S08,S09|S05|S06,S07,S10,S11|S12,S13,S14,S15
4;18/01/2024;02:07:00;"5.421.1";5;3;38;S01,S02,S03|S04,S08,S09|S05|S06,S07,S10,S11|S12,S13,S14,S15
4;18/01/2024;02:08:00;"5.421.1";5;3;38;S01,S02,S03|S04,S08,S09|S05|S06,S07,S10,S11|S12,S13,S14,S15
4;18/01/2024;02:09:00;"5.421.1";5;4;42;S01,S02,S03|S04,S08,S09|S05|S06,S07,S10,S11|S12,S13,S14,S15
4;18/01/2024;02:10:00;"5.421.1";5;4;41;S01,S02,S03|S04,S08,S09|S05|S06,S07,S10,S11|S12,S13,S14,S15
4;18/01/2024;02:11:00;"5.421.1";5;4;42;S01,S02,S03|S04,S08,S09|S05|S06,S07,S10,S11|S12,S13,S14,S15
4;18/01/2024;02:12:00;"5.421.1";5;4;42;S01,S02,S03|S04,S08,S09|S05|S06,S07,S10,S11|S12,S13,S14,S15
4;18/01/2024;02:13:00;"5.421.1";5;4;42;S01,S02,S03|S04,S08,S09|S05|S06,S07,S10,S11|S12,S13,S14,S15
4;18/01/2024;02:14:00;"5.421.1";5;4;41;S01,S02,S03|S04,S08,S09|S05|S06,S07,S10,S11|S12,S13,S14,S15
4;18/01/2024;02:15:00;"5.421.1";5;4;41;S01,S02,S03|S04,S08,S09|S05|S06,S07,S10,S11|S12,S13,S14,S15
4;18/01/2024;02:16:00;"5.421.1";5;4;43;S01,S02,S03|S04,S08,S09|S05|S06,S07,S10,S11|S12,S13,S14,S15
4;18/01/2024;02:17:00;"5.421.1";5;4;44;S01,S02,S03|S04,S08,S09|S05|S06,S07,S10,S11|S12,S13,S14,S15
4;18/01/2024;02:18:00;"5.421.1";5;4;44;S01,S02,S03|S04,S08,S09|S05|S06,S07,S10,S11|S12,S13,S14,S15
4;18/01/2024;02:19:00;"5.421.1";5;4;43;S01,S02,S03|S04,S08,S09|S05|S06,S07,S10,S11|S12,S13,S14,S15
4;18/01/2024;02:20:00;"5.421.1";5;4;42;S01,S02,S03|S04,S08,S09|S05|S06,S07,S10,S11|S12,S13,S14,S15
4;18/01/2024;02:21:00;"5.421.1";5;4;43;S01,S02,S03|S04,S08,S09|S05|S06,S07,S10,S11|S12,S13,S14,S15
4;18/01/2024;02:22:00;"5.421.1";5;4;44;S01,S02,S03|S04,S08,S09|S05|S06,S07,S10,S11|S12,S13,S14,S15
4;18/01/2024;02:23:00;"5.421.1";5;4;41;S01,S02,S03|S04,S08,S09|S05|S06,S07,S10,S11|S12,S13,S14,S15
4;18/01/2024;02:24:00;"5.421.1";5;3;39;S01,S02,S03|S04,S08,S09|S05|S06,S07,S10,S11|S12,S13,S14,S15
4;18/01/2024;02:25:00;"5.421.1";5;3;38;S01,S02,S03|S04,S08,S09|S05|S06,S07,S10,S11|S12,S13,S14,S15
4;18/01/2024;02:26:00;"5.421.1";5;4;38;S01,S02,S03|S04,S08,S09|S05|S06,S07,S10,S11|S12,S13,S14,S15
4;18/01/2024;02:27:00;"5.421.1";5;4;38;S01,S02,S03|S04,S08,S09|S05|S06,S07,S10,S11|S12,S13,S14,S15
4;18/01/2024;02:28:00;"5.421.1";5;4;39;S01,S02,S03|S04,S08,S09|S05|S06,S07,S10,S11|S12,S13,S14,S15
4;18/01/2024;02:29:00;"5.421.1";5;4;39;S01,S02,S03|S04,S08,S09|S05|S06,S07,S10,S11|S12,S13,S14,S15
4;18/01/2024;02:30:00;"5.421.1";5;4;41;S01,S02,S03|S04,S08,S09|S05|S06,S07,S10,S11|S12,S13,S14,S15
4;18/01/2024;02:31:00;"5.421.1";5;4;42;S01,S02,S03|S04,S08,S09|S05|S06,S07,S10,S11|S12,S13,S14,S15
4;18/01/2024;02:32:00;"5.421.1";5;4;43;S01,S02,S03|S04,S08,S09|S05|S06,S07,S10,S11|S12,S13,S14,S15
4;18/01/2024;02:33:00;"5.421.1";5;4;43;S01,S02,S03|S04,S08,S09|S05|S06,S07,S10,S11|S12,S13,S14,S15
4;18/01/2024;02:34:00;"5.421.1";5;4;44;S01,S02,S03|S04,S08,S09|S05|S06,S07,S10,S11|S12,S13,S14,S15
4;18/01/2024;02:35:00;"5.421.1";5;4;44;S01,S02,S03|S04,S08,S09|S05|S06,S07,S10,S11|S12,S13,S14,S15
4;18/01/2024;02:36:00;"5.421.1";5;4;46;S01,S02,S03|S04,S08,S09|S05|S06,S07,S10,S11|S12,S13,S14,S15
4;18/01/2024;02:37:00;"5.421.1";5;4;46;S01,S02,S03|S04,S08,S09|S05|S06,S07,S10,S11|S12,S13,S14,S15
4;18/01/2024;02:38:00;"5.421.1";5;4;47;S01,S02,S03|S04,S08,S09|S05|S06,S07,S10,S11|S12,S13,S14,S15
4;18/01/2024;02:39:00;"5.421.1";5;4;47;S01,S02,S03|S04,S08,S09|S05|S06,S07,S10,S11|S12,S13,S14,S15
4;18/01/2024;02:40:00;"5.421.1";5;4;46;S01,S02,S03|S04,S08,S09|S05|S06,S07,S10,S11|S12,S13,S14,S15
4;18/01/2024;02:41:00;"5.421.1";5;4;47;S01,S02,S03|S04,S08,S09|S05|S06,S07,S10,S11|S12,S13,S14,S15
4;18/01/2024;02:42:00;"5.421.1";5;4;46;S01,S02,S03|S04,S08,S09|S05|S06,S07,S10,S11|S12,S13,S14,S15
4;18/01/2024;02:43:00;"5.421.1";5;4;45;S01,S02,S03|S04,S08,S09|S05|S06,S07,S10,S11|S12,S13,S14,S15
4;18/01/2024;02:44:00;"5.421.1";5;4;45;S01,S02,S03|S04,S08,S09|S05|S06,S07,S10,S11|S12,S13,S14,S15
4;18/01/2024;02:45:00;"5.421.1";5;4;44;S01,S02,S03|S04,S08,S09|S05|S06,S07,S10,S11|S12,S13,S14,S15
4;18/01/2024;02:46:00;"5.421.1";5;4;45;S01,S02,S03|S04,S08,S09|S05|S06,S07,S10,S11|S12,S13,S14,S15
4;18/01/2024;02:47:00;"5.421.1";5;4;43;S01,S02,S03|S04,S08,S09|S05|S06,S07,S10,S11|S12,S13,S14,S15
4;18/01/2024;02:48:00;"5.421.1";5;3;42;S01,S02,S03|S04,S08,S09|S05|S06,S07,S10,S11|S12,S13,S14,S15
4;18/01/2024;02:49:00;"5.421.1";5;3;42;S01,S02,S03|S04,S08,S09|S05|S06,S07,S10,S11|S12,S13,S14,S15
4;18/01/2024;02:50:00;"5.421.1";5;3;44;S01,S02,S03|S04,S08,S09|S05|S06,S07,S10,S11|S12,S13,S14,S15
4;18/01/2024;02:51:00;"5.421.1";5;3;45;S01,S02,S03|S04,S08,S09|S05|S06,S07,S10,S11|S12,S13,S14,S15
4;18/01/2024;02:52:00;"5.421.1";5;3;45;S01,S02,S03|S04,S08,S09|S05|S06,S07,S10,S11|S12,S13,S14,S15
4;18/01/2024;02:53:00;"5.421.1";5;3;45;S01,S02,S03|S04,S08,S09|S05|S06,S07,S10,S11|S12,S13,S14,S15
4;18/01/2024;02:54:00;"5.421.1";5;3;46;S01,S02,S03|S04,S08,S09|S05|S06,S07,S10,S11|S12,S13,S14,S15
4;18/01/2024;02:55:00;"5.421.1";5;3;47;S01,S02,S03|S04,S08,S09|S05|S06,S07,S10,S11|S12,S13,S14,S15
4;18/01/2024;02:56:00;"5.421.1";5;3;47;S01,S02,S03|S04,S08,S09|S05|S06,S07,S10,S11|S12,S13,S14,S15
4;18/01/2024;02:57:00;"5.421.1";5;3;48;S01,S02,S03|S04,S08,S09|S05|S06,S07,S10,S11|S12,S13,S14,S15
4;18/01/2024;02:58:00;"5.421.1";5;3;47;S01,S02,S03|S04,S08,S09|S05|S06,S07,S10,S11|S12,S13,S14,S15
4;18/01/2024;02:59:00;"5.421.1";5;3;47;S01,S02,S03|S04,S08,S09|S05|S06,S07,S10,S11|S12,S13,S14,S15
4;18/01/2024;03:00:00;"5.421.1";5;3;47;S01,S02,S03|S04,S08,S09|S05|S06,S07,S10,S11|S12,S13,S14,S15
4;18/01/2024;03:01:00;"5.421.1";5;3;46;S01,S02,S03|S04,S08,S09|S05|S06,S07,S10,S11|S12,S13,S14,S15
4;18/01/2024;03:02:00;"5.421.1";5;3;42;S01,S02,S03|S04,S08,S09|S05|S06,S07,S10,S11|S12,S13,S14,S15
4;18/01/2024;03:03:00;"5.421.1";5;3;41;S01,S02,S03|S04,S08,S09|S05|S06,S07,S10,S11|S12,S13,S14,S15
4;18/01/2024;03:04:00;"5.421.1";5;3;42;S01,S02,S03|S04,S08,S09|S05|S06,S07,S10,S11|S12,S13,S14,S15
4;18/01/2024;03:05:00;"5.421.1";5;3;41;S01,S02,S03|S04,S08,S09|S05|S06,S07,S10,S11|S12,S13,S14,S15
4;18/01/2024;03:06:00;"5.421.1";5;3;44;S01,S02,S03|S04,S08,S09|S05|S06,S07,S10,S11|S12,S13,S14,S15
4;18/01/2024;03:07:00;"5.421.1";5;3;43;S01,S02,S03|S04,S08,S09|S05|S06,S07,S10,S11|S12,S13,S14,S15
4;18/01/2024;03:08:00;"5.421.1";5;3;43;S01,S02,S03|S04,S08,S09|S05|S06,S07,S10,S11|S12,S13,S14,S15
4;18/01/2024;03:09:00;"5.421.1";5;3;44;S01,S02,S03|S04,S08,S09|S05|S06,S07,S10,S11|S12,S13,S14,S15
4;18/01/2024;03:10:00;"5.421.1";5;3;46;S01,S02,S03|S04,S08,S09|S05|S06,S07,S10,S11|S12,S13,S14,S15
4;18/01/2024;03:11:00;"5.421.1";5;4;47;S01,S02,S03|S04,S08,S09|S05|S06,S07,S10,S11|S12,S13,S14,S15
4;18/01/2024;03:12:00;"5.421.1";5;4;48;S01,S02,S03|S04,S08,S09|S05|S06,S07,S10,S11|S12,S13,S14,S15
4;18/01/2024;03:13:00;"5.421.1";5;4;49;S01,S02,S03|S04,S08,S09|S05|S06,S07,S10,S11|S12,S13,S14,S15
4;18/01/2024;03:14:00;"5.421.1";5;4;48;S01,S02,S03|S04,S08,S09|S05|S06,S07,S10,S11|S12,S13,S14,S15
4;18/01/2024;03:15:00;"5.421.1";5;4;48;S01,S02,S03|S04,S08,S09|S05|S06,S07,S10,S11|S12,S13,S14,S15
4;18/01/2024;03:16:00;"5.421.1";5;4;47;S01,S02,S03|S04,S08,S09|S05|S06,S07,S10,S11|S12,S13,S14,S15
4;18/01/2024;03:17:00;"5.312.1";5;4;47;S01,S02,S03|S04,S08,S09|S05|S06,S07|S10,S11,S12,S13,S14,S15
4;18/01/2024;03:18:00;"5.312.1";5;4;48;S01,S02,S03|S04,S08,S09|S05|S06,S07|S10,S11,S12,S13,S14,S15
4;18/01/2024;03:19:00;"5.312.1";5;4;48;S01,S02,S03|S04,S08,S09|S05|S06,S07|S10,S11,S12,S13,S14,S15
4;18/01/2024;03:20:00;"5.312.1";5;4;48;S01,S02,S03|S04,S08,S09|S05|S06,S07|S10,S11,S12,S13,S14,S15
4;18/01/2024;03:21:00;"5.312.1";5;4;48;S01,S02,S03|S04,S08,S09|S05|S06,S07|S10,S11,S12,S13,S14,S15
4;18/01/2024;03:22:00;"5.312.1";5;4;50;S01,S02,S03|S04,S08,S09|S05|S06,S07|S10,S11,S12,S13,S14,S15
4;18/01/2024;03:23:00;"5.312.1";5;3;48;S01,S02,S03|S04,S08,S09|S05|S06,S07|S10,S11,S12,S13,S14,S15
4;18/01/2024;03:24:00;"5.312.1";5;3;49;S01,S02,S03|S04,S08,S09|S05|S06,S07|S10,S11,S12,S13,S14,S15
4;18/01/2024;03:25:00;"5.312.1";5;3;49;S01,S02,S03|S04,S08,S09|S05|S06,S07|S10,S11,S12,S13,S14,S15
4;18/01/2024;03:26:00;"5.312.1";5;3;51;S01,S02,S03|S04,S08,S09|S05|S06,S07|S10,S11,S12,S13,S14,S15
4;18/01/2024;03:27:00;"5.312.1";5;3;51;S01,S02,S03|S04,S08,S09|S05|S06,S07|S10,S11,S12,S13,S14,S15
4;18/01/2024;03:28:00;"5.312.1";5;3;51;S01,S02,S03|S04,S08,S09|S05|S06,S07|S10,S11,S12,S13,S14,S15
4;18/01/2024;03:29:00;"5.312.1";5;3;51;S01,S02,S03|S04,S08,S09|S05|S06,S07|S10,S11,S12,S13,S14,S15
4;18/01/2024;03:30:00;"5.312.1";5;3;49;S01,S02,S03|S04,S08,S09|S05|S06,S07|S10,S11,S12,S13,S14,S15
4;18/01/2024;03:31:00;"5.312.1";5;3;48;S01,S02,S03|S04,S08,S09|S05|S06,S07|S10,S11,S12,S13,S14,S15
4;18/01/2024;03:32:00;"5.312.1";5;3;46;S01,S02,S03|S04,S08,S09|S05|S06,S07|S10,S11,S12,S13,S14,S15
4;18/01/2024;03:33:00;"5.312.1";5;3;47;S01,S02,S03|S04,S08,S09|S05|S06,S07|S10,S11,S12,S13,S14,S15
4;18/01/2024;03:34:00;"5.312.1";5;3;48;S01,S02,S03|S04,S08,S09|S05|S06,S07|S10,S11,S12,S13,S14,S15
4;18/01/2024;03:35:00;"5.312.1";5;3;48;S01,S02,S03|S04,S08,S09|S05|S06,S07|S10,S11,S12,S13,S14,S15
4;18/01/2024;03:36:00;"5.312.1";5;3;49;S01,S02,S03|S04,S08,S09|S05|S06,S07|S10,S11,S12,S13,S14,S15
4;18/01/2024;03:37:00;"5.312.1";5;3;49;S01,S02,S03|S04,S08,S09|S05|S06,S07|S10,S11,S12,S13,S14,S15
4;18/01/2024;03:38:00;"5.312.1";5;3;48;S01,S02,S03|S04,S08,S09|S05|S06,S07|S10,S11,S12,S13,S14,S15
4;18/01/2024;03:39:00;"5.312.1";5;3;48;S01,S02,S03|S04,S08,S09|S05|S06,S07|S10,S11,S12,S13,S14,S15
4;18/01/2024;03:40:00;"5.312.1";5;3;47;S01,S02,S03|S04,S08,S09|S05|S06,S07|S10,S11,S12,S13,S14,S15
4;18/01/2024;03:41:00;"5.312.1";5;3;48;S01,S02,S03|S04,S08,S09|S05|S06,S07|S10,S11,S12,S13,S14,S15
4;18/01/2024;03:42:00;"5.312.1";5;3;48;S01,S02,S03|S04,S08,S09|S05|S06,S07|S10,S11,S12,S13,S14,S15
4;18/01/2024;03:43:00;"5.312.1";5;3;46;S01,S02,S03|S04,S08,S09|S05|S06,S07|S10,S11,S12,S13,S14,S15
4;18/01/2024;03:44:00;"5.312.1";5;3;44;S01,S02,S03|S04,S08,S09|S05|S06,S07|S10,S11,S12,S13,S14,S15
4;18/01/2024;03:45:00;"5.312.1";5;3;43;S01,S02,S03|S04,S08,S09|S05|S06,S07|S10,S11,S12,S13,S14,S15
4;18/01/2024;03:46:00;"5.312.1";5;3;42;S01,S02,S03|S04,S08,S09|S05|S06,S07|S10,S11,S12,S13,S14,S15
4;18/01/2024;03:47:00;"5.312.1";5;3;42;S01,S02,S03|S04,S08,S09|S05|S06,S07|S10,S11,S12,S13,S14,S15
4;18/01/2024;03:48:00;"5.312.1";5;3;41;S01,S02,S03|S04,S08,S09|S05|S06,S07|S10,S11,S12,S13,S14,S15
4;18/01/2024;03:49:00;"4.329.1";4;2;41;S01,S02,S03,S05|S04,S08,S09|S06,S07|S10,S11,S12,S13,S14,S15
4;18/01/2024;03:50:00;"4.329.1";4;2;40;S01,S02,S03,S05|S04,S08,S09|S06,S07|S10,S11,S12,S13,S14,S15
4;18/01/2024;03:51:00;"4.329.1";4;3;41;S01,S02,S03,S05|S04,S08,S09|S06,S07|S10,S11,S12,S13,S14,S15
4;18/01/2024;03:52:00;"4.329.1";4;3;40;S01,S02,S03,S05|S04,S08,S09|S06,S07|S10,S11,S12,S13,S14,S15
4;18/01/2024;03:53:00;"4.329.1";4;3;40;S01,S02,S03,S05|S04,S08,S09|S06,S07|S10,S11,S12,S13,S14,S15
4;18/01/2024;03:54:00;"4.329.1";4;3;40;S01,S02,S03,S05|S04,S08,S09|S06,S07|S10,S11,S12,S13,S14,S15
4;18/01/2024;03:55:00;"4.329.1";4;3;40;S01,S02,S03,S05|S04,S08,S09|S06,S07|S10,S11,S12,S13,S14,S15
4;18/01/2024;03:56:00;"4.329.1";4;3;40;S01,S02,S03,S05|S04,S08,S09|S06,S07|S10,S11,S12,S13,S14,S15
4;18/01/2024;03:57:00;"4.329.1";4;3;40;S01,S02,S03,S05|S04,S08,S09|S06,S07|S10,S11,S12,S13,S14,S15
4;18/01/2024;03:58:00;"4.329.1";4;3;39;S01,S02,S03,S05|S04,S08,S09|S06,S07|S10,S11,S12,S13,S14,S15
4;18/01/2024;03:59:00;"4.329.1";4;3;38;S01,S02,S03,S05|S04,S08,S09|S06,S07|S10,S11,S12,S13,S14,S15
4;18/01/2024;04:00:00;"4.329.1";4;3;36;S01,S02,S03,S05|S04,S08,S09|S06,S07|S10,S11,S12,S13,S14,S15
4;18/01/2024;04:01:00;"4.329.1";4;3;36;S01,S02,S03,S05|S04,S08,S09|S06,S07|S10,S11,S12,S13,S14,S15
4;18/01/2024;04:02:00;"4.329.1";4;3;38;S01,S02,S03,S05|S04,S08,S09|S06,S07|S10,S11,S12,S13,S14,S15
4;18/01/2024;04:03:00;"4.329.1";4;3;38;S01,S02,S03,S05|S04,S08,S09|S06,S07|S10,S11,S12,S13,S14,S15
4;18/01/2024;04:04:00;"4.329.1";4;3;38;S01,S02,S03,S05|S04,S08,S09|S06,S07|S10,S11,S12,S13,S14,S15
4;18/01/2024;04:05:00;"4.329.1";4;3;36;S01,S02,S03,S05|S04,S08,S09|S06,S07|S10,S11,S12,S13,S14,S15
4;18/01/2024;04:06:00;"4.329.1";4;3;36;S01,S02,S03,S05|S04,S08,S09|S06,S07|S10,S11,S12,S13,S14,S15
4;18/01/2024;04:07:00;"4.329.1";4;3;35;S01,S02,S03,S05|S04,S08,S09|S06,S07|S10,S11,S12,S13,S14,S15
4;18/01/2024;04:08:00;"4.329.1";4;3;35;S01,S02,S03,S05|S04,S08,S09|S06,S07|S10,S11,S12,S13,S14,S15
4;18/01/2024;04:09:00;"4.329.1";4;3;34;S01,S02,S03,S05|S04,S08,S09|S06,S07|S10,S11,S12,S13,S14,S15
4;18/01/2024;04:10:00;"4.329.1";4;3;32;S01,S02,S03,S05|S04,S08,S09|S06,S07|S10,S11,S12,S13,S14,S15
4;18/01/2024;04:11:00;"4.329.1";4;3;35;S01,S02,S03,S05|S04,S08,S09|S06,S07|S10,S11,S12,S13,S14,S15
4;18/01/2024;04:12:00;"4.329.1";4;3;36;S01,S02,S03,S05|S04,S08,S09|S06,S07|S10,S11,S12,S13,S14,S15
4;18/01/2024;04:13:00;"4.329.1";4;3;36;S01,S02,S03,S05|S04,S08,S09|S06,S07|S10,S11,S12,S13,S14,S15
4;18/01/2024;04:14:00;"4.329.1";4;3;36;S01,S02,S03,S05|S04,S08,S09|S06,S07|S10,S11,S12,S13,S14,S15
4;18/01/2024;04:15:00;"4.329.1";4;3;35;S01,S02,S03,S05|S04,S08,S09|S06,S07|S10,S11,S12,S13,S14,S15
4;18/01/2024;04:16:00;"4.329.1";4;3;35;S01,S02,S03,S05|S04,S08,S09|S06,S07|S10,S11,S12,S13,S14,S15
4;18/01/2024;04:17:00;"4.329.1";4;3;35;S01,S02,S03,S05|S04,S08,S09|S06,S07|S10,S11,S12,S13,S14,S15
4;18/01/2024;04:18:00;"4.329.1";4;3;37;S01,S02,S03,S05|S04,S08,S09|S06,S07|S10,S11,S12,S13,S14,S15
4;18/01/2024;04:19:00;"4.329.1";4;3;38;S01,S02,S03,S05|S04,S08,S09|S06,S07|S10,S11,S12,S13,S14,S15
4;18/01/2024;04:20:00;"4.329.1";4;3;37;S01,S02,S03,S05|S04,S08,S09|S06,S07|S10,S11,S12,S13,S14,S15
4;18/01/2024;04:21:00;"4.329.1";4;2;36;S01,S02,S03,S05|S04,S08,S09|S06,S07|S10,S11,S12,S13,S14,S15
4;18/01/2024;04:22:00;"4.329.1";4;2;36;S01,S02,S03,S05|S04,S08,S09|S06,S07|S10,S11,S12,S13,S14,S15
4;18/01/2024;04:23:00;"4.244.1";4;3;35;S01,S02,S03|S04,S05,S08,S09|S06,S07|S10,S11,S12,S13,S14,S15
4;18/01/2024;04:24:00;"4.244.1";4;3;35;S01,S02,S03|S04,S05,S08,S09|S06,S07|S10,S11,S12,S13,S14,S15
4;18/01/2024;04:25:00;"4.244.1";4;3;35;S01,S02,S03|S04,S05,S08,S09|S06,S07|S10,S11,S12,S13,S14,S15
4;18/01/2024;04:26:00;"4.244.1";4;3;33;S01,S02,S03|S04,S05,S08,S09|S06,S07|S10,S11,S12,S13,S14,S15
4;18/01/2024;04:27:00;"4.244.1";4;3;32;S01,S02,S03|S04,S05,S08,S09|S06,S07|S10,S11,S12,S13,S14,S15
4;18/01/2024;04:28:00;"4.244.1";4;3;31;S01,S02,S03|S04,S05,S08,S09|S06,S07|S10,S11,S12,S13,S14,S15
4;18/01/2024;04:29:00;"4.244.1";4;3;31;S01,S02,S03|S04,S05,S08,S09|S06,S07|S10,S11,S12,S13,S14,S15
4;18/01/2024;04:30:00;"4.244.1";4;3;30;S01,S02,S03|S04,S05,S08,S09|S06,S07|S10,S11,S12,S13,S14,S15
4;18/01/2024;04:31:00;"4.244.1";4;3;30;S01,S02,S03|S04,S05,S08,S09|S06,S07|S10,S11,S12,S13,S14,S15
4;18/01/2024;04:32:00;"4.244.1";4;3;31;S01,S02,S03|S04,S05,S08,S09|S06,S07|S10,S11,S12,S13,S14,S15
4;18/01/2024;04:33:00;"3.137.1";3;3;29;S01,S04,S05,S08,S09|S02,S03,S06,S07|S10,S11,S12,S13,S14,S15
4;18/01/2024;04:34:00;"3.137.1";3;3;29;S01,S04,S05,S08,S09|S02,S03,S06,S07|S10,S11,S12,S13,S14,S15
4;18/01/2024;04:35:00;"3.137.1";3;3;27;S01,S04,S05,S08,S09|S02,S03,S06,S07|S10,S11,S12,S13,S14,S15
4;18/01/2024;04:36:00;"3.137.1";3;3;27;S01,S04,S05,S08,S09|S02,S03,S06,S07|S10,S11,S12,S13,S14,S15
4;18/01/2024;04:37:00;"3.137.1";3;2;27;S01,S04,S05,S08,S09|S02,S03,S06,S07|S10,S11,S12,S13,S14,S15
4;18/01/2024;04:38:00;"3.137.1";3;2;28;S01,S04,S05,S08,S09|S02,S03,S06,S07|S10,S11,S12,S13,S14,S15
4;18/01/2024;04:39:00;"3.137.1";3;2;29;S01,S04,S05,S08,S09|S02,S03,S06,S07|S10,S11,S12,S13,S14,S15
4;18/01/2024;04:40:00;"3.137.1";3;2;28;S01,S04,S05,S08,S09|S02,S03,S06,S07|S10,S11,S12,S13,S14,S15
4;18/01/2024;04:41:00;"3.137.1";3;2;28;S01,S04,S05,S08,S09|S02,S03,S06,S07|S10,S11,S12,S13,S14,S15
4;18/01/2024;04:42:00;"3.137.1";3;2;29;S01,S04,S05,S08,S09|S02,S03,S06,S07|S10,S11,S12,S13,S14,S15
4;18/01/2024;04:43:00;"3.137.1";3;2;29;S01,S04,S05,S08,S09|S02,S03,S06,S07|S10,S11,S12,S13,S14,S15
4;18/01/2024;04:44:00;"3.137.1";3;2;28;S01,S04,S05,S08,S09|S02,S03,S06,S07|S10,S11,S12,S13,S14,S15
4;18/01/2024;04:45:00;"3.137.1";3;2;29;S01,S04,S05,S08,S09|S02,S03,S06,S07|S10,S11,S12,S13,S14,S15
4;18/01/2024;04:46:00;"3.137.1";3;2;30;S01,S04,S05,S08,S09|S02,S03,S06,S07|S10,S11,S12,S13,S14,S15
4;18/01/2024;04:47:00;"3.137.1";3;2;30;S01,S04,S05,S08,S09|S02,S03,S06,S07|S10,S11,S12,S13,S14,S15
4;18/01/2024;04:48:00;"3.137.1";3;2;30;S01,S04,S05,S08,S09|S02,S03,S06,S07|S10,S11,S12,S13,S14,S15
4;18/01/2024;04:49:00;"3.137.1";3;2;29;S01,S04,S05,S08,S09|S02,S03,S06,S07|S10,S11,S12,S13,S14,S15
4;18/01/2024;04:50:00;"3.137.1";3;2;29;S01,S04,S05,S08,S09|S02,S03,S06,S07|S10,S11,S12,S13,S14,S15
4;18/01/2024;04:51:00;"3.137.1";3;2;28;S01,S04,S05,S08,S09|S02,S03,S06,S07|S10,S11,S12,S13,S14,S15
4;18/01/2024;04:52:00;"3.137.1";3;2;28;S01,S04,S05,S08,S09|S02,S03,S06,S07|S10,S11,S12,S13,S14,S15
4;18/01/2024;04:53:00;"3.137.1";3;2;27;S01,S04,S05,S08,S09|S02,S03,S06,S07|S10,S11,S12,S13,S14,S15
4;18/01/2024;04:54:00;"3.137.1";3;2;25;S01,S04,S05,S08,S09|S02,S03,S06,S07|S10,S11,S12,S13,S14,S15
4;18/01/2024;04:55:00;"3.137.1";3;2;25;S01,S04,S05,S08,S09|S02,S03,S06,S07|S10,S11,S12,S13,S14,S15
4;18/01/2024;04:56:00;"3.137.1";3;2;25;S01,S04,S05,S08,S09|S02,S03,S06,S07|S10,S11,S12,S13,S14,S15
4;18/01/2024;04:57:00;"3.137.1";3;2;26;S01,S04,S05,S08,S09|S02,S03,S06,S07|S10,S11,S12,S13,S14,S15
4;18/01/2024;04:58:00;"3.137.1";3;2;28;S01,S04,S05,S08,S09|S02,S03,S06,S07|S10,S11,S12,S13,S14,S15
4;18/01/2024;04:59:00;"4.312.1";4;2;28;S01,S04,S08,S09|S02,S03,S06,S07|S05|S10,S11,S12,S13,S14,S15
4;18/01/2024;05:00:00;"4.312.1";4;2;29;S01,S04,S08,S09|S02,S03,S06,S07|S05|S10,S11,S12,S13,S14,S15
4;18/01/2024;05:01:00;"4.312.1";4;1;28;S01,S04,S08,S09|S02,S03,S06,S07|S05|S10,S11,S12,S13,S14,S15
4;18/01/2024;05:02:00;"4.312.1";4;1;28;S01,S04,S08,S09|S02,S03,S06,S07|S05|S10,S11,S12,S13,S14,S15
4;18/01/2024;05:03:00;"4.312.1";4;2;28;S01,S04,S08,S09|S02,S03,S06,S07|S05|S10,S11,S12,S13,S14,S15
4;18/01/2024;05:04:00;"4.312.1";4;1;28;S01,S04,S08,S09|S02,S03,S06,S07|S05|S10,S11,S12,S13,S14,S15
4;18/01/2024;05:05:00;"4.312.1";4;1;28;S01,S04,S08,S09|S02,S03,S06,S07|S05|S10,S11,S12,S13,S14,S15
4;18/01/2024;05:06:00;"4.312.1";4;1;29;S01,S04,S08,S09|S02,S03,S06,S07|S05|S10,S11,S12,S13,S14,S15
4;18/01/2024;05:07:00;"4.312.1";4;1;30;S01,S04,S08,S09|S02,S03,S06,S07|S05|S10,S11,S12,S13,S14,S15
4;18/01/2024;05:08:00;"4.312.1";4;1;30;S01,S04,S08,S09|S02,S03,S06,S07|S05|S10,S11,S12,S13,S14,S15
4;18/01/2024;05:09:00;"4.312.1";4;1;30;S01,S04,S08,S09|S02,S03,S06,S07|S05|S10,S11,S12,S13,S14,S15
4;18/01/2024;05:10:00;"4.312.1";4;1;27;S01,S04,S08,S09|S02,S03,S06,S07|S05|S10,S11,S12,S13,S14,S15
4;18/01/2024;05:11:00;"4.312.1";4;1;26;S01,S04,S08,S09|S02,S03,S06,S07|S05|S10,S11,S12,S13,S14,S15
4;18/01/2024;05:12:00;"4.312.1";4;1;26;S01,S04,S08,S09|S02,S03,S06,S07|S05|S10,S11,S12,S13,S14,S15
4;18/01/2024;05:13:00;"4.312.1";4;1;27;S01,S04,S08,S09|S02,S03,S06,S07|S05|S10,S11,S12,S13,S14,S15
4;18/01/2024;05:14:00;"4.312.1";4;1;28;S01,S04,S08,S09|S02,S03,S06,S07|S05|S10,S11,S12,S13,S14,S15
4;18/01/2024;05:15:00;"4.312.1";4;1;27;S01,S04,S08,S09|S02,S03,S06,S07|S05|S10,S11,S12,S13,S14,S15
4;18/01/2024;05:16:00;"4.312.1";4;1;27;S01,S04,S08,S09|S02,S03,S06,S07|S05|S10,S11,S12,S13,S14,S15
4;18/01/2024;05:17:00;"4.312.1";4;1;27;S01,S04,S08,S09|S02,S03,S06,S07|S05|S10,S11,S12,S13,S14,S15
4;18/01/2024;05:18:00;"4.312.1";4;1;26;S01,S04,S08,S09|S02,S03,S06,S07|S05|S10,S11,S12,S13,S14,S15
4;18/01/2024;05:19:00;"4.312.1";4;1;26;S01,S04,S08,S09|S02,S03,S06,S07|S05|S10,S11,S12,S13,S14,S15
4;18/01/2024;05:20:00;"4.312.1";4;1;25;S01,S04,S08,S09|S02,S03,S06,S07|S05|S10,S11,S12,S13,S14,S15
4;18/01/2024;05:21:00;"4.312.1";4;1;25;S01,S04,S08,S09|S02,S03,S06,S07|S05|S10,S11,S12,S13,S14,S15
4;18/01/2024;05:22:00;"4.312.1";4;1;24;S01,S04,S08,S09|S02,S03,S06,S07|S05|S10,S11,S12,S13,S14,S15
4;18/01/2024;05:23:00;"4.312.1";4;1;24;S01,S04,S08,S09|S02,S03,S06,S07|S05|S10,S11,S12,S13,S14,S15
4;18/01/2024;05:24:00;"4.312.1";4;1;23;S01,S04,S08,S09|S02,S03,S06,S07|S05|S10,S11,S12,S13,S14,S15
4;18/01/2024;05:25:00;"4.312.1";4;1;23;S01,S04,S08,S09|S02,S03,S06,S07|S05|S10,S11,S12,S13,S14,S15
4;18/01/2024;05:26:00;"4.312.1";4;1;22;S01,S04,S08,S09|S02,S03,S06,S07|S05|S10,S11,S12,S13,S14,S15
4;18/01/2024;05:27:00;"4.312.1";4;1;23;S01,S04,S08,S09|S02,S03,S06,S07|S05|S10,S11,S12,S13,S14,S15
4;18/01/2024;05:28:00;"4.312.1";4;1;23;S01,S04,S08,S09|S02,S03,S06,S07|S05|S10,S11,S12,S13,S14,S15
4;18/01/2024;05:29:00;"4.312.1";4;1;23;S01,S04,S08,S09|S02,S03,S06,S07|S05|S10,S11,S12,S13,S14,S15
4;18/01/2024;05:30:00;"4.312.1";4;1;23;S01,S04,S08,S09|S02,S03,S06,S07|S05|S10,S11,S12,S13,S14,S15
4;18/01/2024;05:31:00;"4.312.1";4;1;24;S01,S04,S08,S09|S02,S03,S06,S07|S05|S10,S11,S12,S13,S14,S15
4;18/01/2024;05:32:00;"4.312.1";4;1;23;S01,S04,S08,S09|S02,S03,S06,S07|S05|S10,S11,S12,S13,S14,S15
4;18/01/2024;05:33:00;"4.312.1";4;1;24;S01,S04,S08,S09|S02,S03,S06,S07|S05|S10,S11,S12,S13,S14,S15
4;18/01/2024;05:34:00;"4.312.1";4;1;24;S01,S04,S08,S09|S02,S03,S06,S07|S05|S10,S11,S12,S13,S14,S15
4;18/01/2024;05:35:00;"4.312.1";4;1;23;S01,S04,S08,S09|S02,S03,S06,S07|S05|S10,S11,S12,S13,S14,S15
4;18/01/2024;05:36:00;"4.312.1";4;1;23;S01,S04,S08,S09|S02,S03,S06,S07|S05|S10,S11,S12,S13,S14,S15
4;18/01/2024;05:37:00;"4.312.1";4;1;23;S01,S04,S08,S09|S02,S03,S06,S07|S05|S10,S11,S12,S13,S14,S15
4;18/01/2024;05:38:00;"4.312.1";4;1;23;S01,S04,S08,S09|S02,S03,S06,S07|S05|S10,S11,S12,S13,S14,S15
4;18/01/2024;05:39:00;"4.312.1";4;1;22;S01,S04,S08,S09|S02,S03,S06,S07|S05|S10,S11,S12,S13,S14,S15
4;18/01/2024;05:40:00;"4.312.1";4;1;22;S01,S04,S08,S09|S02,S03,S06,S07|S05|S10,S11,S12,S13,S14,S15
4;18/01/2024;05:41:00;"4.312.1";4;1;21;S01,S04,S08,S09|S02,S03,S06,S07|S05|S10,S11,S12,S13,S14,S15
4;18/01/2024;05:42:00;"4.312.1";4;1;21;S01,S04,S08,S09|S02,S03,S06,S07|S05|S10,S11,S12,S13,S14,S15
4;18/01/2024;05:43:00;"4.352.1";4;1;21;S01,S02,S04,S08,S09|S03,S06,S07|S05|S10,S11,S12,S13,S14,S15
4;18/01/2024;05:44:00;"4.351.1";4;1;21;S01,S02,S03,S04,S08,S09|S05|S06,S07|S10,S11,S12,S13,S14,S15
4;18/01/2024;05:45:00;"4.351.1";4;1;21;S01,S02,S03,S04,S08,S09|S05|S06,S07|S10,S11,S12,S13,S14,S15
4;18/01/2024;05:46:00;"4.351.1";4;1;23;S01,S02,S03,S04,S08,S09|S05|S06,S07|S10,S11,S12,S13,S14,S15
4;18/01/2024;05:47:00;"4.351.1";4;1;23;S01,S02,S03,S04,S08,S09|S05|S06,S07|S10,S11,S12,S13,S14,S15
4;18/01/2024;05:48:00;"4.351.1";4;1;24;S01,S02,S03,S04,S08,S09|S05|S06,S07|S10,S11,S12,S13,S14,S15
4;18/01/2024;05:49:00;"4.351.1";4;1;24;S01,S02,S03,S04,S08,S09|S05|S06,S07|S10,S11,S12,S13,S14,S15
4;18/01/2024;05:50:00;"4.351.1";4;1;24;S01,S02,S03,S04,S08,S09|S05|S06,S07|S10,S11,S12,S13,S14,S15
4;18/01/2024;05:51:00;"4.351.1";4;1;25;S01,S02,S03,S04,S08,S09|S05|S06,S07|S10,S11,S12,S13,S14,S15
4;18/01/2024;05:52:00;"4.351.1";4;1;25;S01,S02,S03,S04,S08,S09|S05|S06,S07|S10,S11,S12,S13,S14,S15
4;18/01/2024;05:53:00;"4.351.1";4;1;24;S01,S02,S03,S04,S08,S09|S05|S06,S07|S10,S11,S12,S13,S14,S15
4;18/01/2024;05:54:00;"4.351.1";4;1;24;S01,S02,S03,S04,S08,S09|S05|S06,S07|S10,S11,S12,S13,S14,S15
4;18/01/2024;05:55:00;"4.351.1";4;1;26;S01,S02,S03,S04,S08,S09|S05|S06,S07|S10,S11,S12,S13,S14,S15
4;18/01/2024;05:56:00;"4.351.1";4;0;26;S01,S02,S03,S04,S08,S09|S05|S06,S07|S10,S11,S12,S13,S14,S15
4;18/01/2024;05:57:00;"5.280.1";5;1;28;S01|S02,S03|S04,S05,S08,S09|S06,S07|S10,S11,S12,S13,S14,S15
4;18/01/2024;05:58:00;"4.244.1";4;2;29;S01,S02,S03|S04,S05,S08,S09|S06,S07|S10,S11,S12,S13,S14,S15
4;18/01/2024;05:59:00;"4.244.1";4;2;31;S01,S02,S03|S04,S05,S08,S09|S06,S07|S10,S11,S12,S13,S14,S15
4;18/01/2024;06:00:00;"4.244.1";4;2;32;S01,S02,S03|S04,S05,S08,S09|S06,S07|S10,S11,S12,S13,S14,S15
4;18/01/2024;06:01:00;"4.244.1";4;2;33;S01,S02,S03|S04,S05,S08,S09|S06,S07|S10,S11,S12,S13,S14,S15
4;18/01/2024;06:02:00;"4.244.1";4;2;36;S01,S02,S03|S04,S05,S08,S09|S06,S07|S10,S11,S12,S13,S14,S15
4;18/01/2024;06:03:00;"4.244.1";4;2;37;S01,S02,S03|S04,S05,S08,S09|S06,S07|S10,S11,S12,S13,S14,S15
4;18/01/2024;06:04:00;"4.244.1";4;2;37;S01,S02,S03|S04,S05,S08,S09|S06,S07|S10,S11,S12,S13,S14,S15
4;18/01/2024;06:05:00;"4.244.1";4;2;37;S01,S02,S03|S04,S05,S08,S09|S06,S07|S10,S11,S12,S13,S14,S15
4;18/01/2024;06:06:00;"4.244.1";4;2;36;S01,S02,S03|S04,S05,S08,S09|S06,S07|S10,S11,S12,S13,S14,S15
4;18/01/2024;06:07:00;"4.244.1";4;2;35;S01,S02,S03|S04,S05,S08,S09|S06,S07|S10,S11,S12,S13,S14,S15
4;18/01/2024;06:08:00;"4.244.1";4;2;34;S01,S02,S03|S04,S05,S08,S09|S06,S07|S10,S11,S12,S13,S14,S15
4;18/01/2024;06:09:00;"4.244.1";4;3;34;S01,S02,S03|S04,S05,S08,S09|S06,S07|S10,S11,S12,S13,S14,S15
4;18/01/2024;06:10:00;"4.244.1";4;3;34;S01,S02,S03|S04,S05,S08,S09|S06,S07|S10,S11,S12,S13,S14,S15
4;18/01/2024;06:11:00;"4.244.1";4;3;33;S01,S02,S03|S04,S05,S08,S09|S06,S07|S10,S11,S12,S13,S14,S15
4;18/01/2024;06:12:00;"4.244.1";4;3;33;S01,S02,S03|S04,S05,S08,S09|S06,S07|S10,S11,S12,S13,S14,S15
4;18/01/2024;06:13:00;"4.244.1";4;3;32;S01,S02,S03|S04,S05,S08,S09|S06,S07|S10,S11,S12,S13,S14,S15
4;18/01/2024;06:14:00;"4.244.1";4;3;33;S01,S02,S03|S04,S05,S08,S09|S06,S07|S10,S11,S12,S13,S14,S15
4;18/01/2024;06:15:00;"4.244.1";4;3;33;S01,S02,S03|S04,S05,S08,S09|S06,S07|S10,S11,S12,S13,S14,S15
4;18/01/2024;06:16:00;"4.244.1";4;3;34;S01,S02,S03|S04,S05,S08,S09|S06,S07|S10,S11,S12,S13,S14,S15
4;18/01/2024;06:17:00;"4.244.1";4;3;34;S01,S02,S03|S04,S05,S08,S09|S06,S07|S10,S11,S12,S13,S14,S15
4;18/01/2024;06:18:00;"4.244.1";4;3;34;S01,S02,S03|S04,S05,S08,S09|S06,S07|S10,S11,S12,S13,S14,S15
4;18/01/2024;06:19:00;"4.244.1";4;3;34;S01,S02,S03|S04,S05,S08,S09|S06,S07|S10,S11,S12,S13,S14,S15
4;18/01/2024;06:20:00;"4.244.1";4;3;36;S01,S02,S03|S04,S05,S08,S09|S06,S07|S10,S11,S12,S13,S14,S15
4;18/01/2024;06:21:00;"4.244.1";4;3;35;S01,S02,S03|S04,S05,S08,S09|S06,S07|S10,S11,S12,S13,S14,S15
4;18/01/2024;06:22:00;"4.244.1";4;3;36;S01,S02,S03|S04,S05,S08,S09|S06,S07|S10,S11,S12,S13,S14,S15
4;18/01/2024;06:23:00;"4.244.1";4;3;36;S01,S02,S03|S04,S05,S08,S09|S06,S07|S10,S11,S12,S13,S14,S15
4;18/01/2024;06:24:00;"4.244.1";4;3;37;S01,S02,S03|S04,S05,S08,S09|S06,S07|S10,S11,S12,S13,S14,S15
4;18/01/2024;06:25:00;"4.244.1";4;3;37;S01,S02,S03|S04,S05,S08,S09|S06,S07|S10,S11,S12,S13,S14,S15
4;18/01/2024;06:26:00;"4.244.1";4;3;39;S01,S02,S03|S04,S05,S08,S09|S06,S07|S10,S11,S12,S13,S14,S15
4;18/01/2024;06:27:00;"4.244.1";4;3;40;S01,S02,S03|S04,S05,S08,S09|S06,S07|S10,S11,S12,S13,S14,S15
4;18/01/2024;06:28:00;"4.244.1";4;3;39;S01,S02,S03|S04,S05,S08,S09|S06,S07|S10,S11,S12,S13,S14,S15
4;18/01/2024;06:29:00;"4.244.1";4;3;39;S01,S02,S03|S04,S05,S08,S09|S06,S07|S10,S11,S12,S13,S14,S15
4;18/01/2024;06:30:00;"6.296.2";6;2;39;S01,S02,S03|S04,S08,S09|S05|S06|S07|S10,S11,S12,S13,S14,S15
4;18/01/2024;06:31:00;"6.296.2";6;2;41;S01,S02,S03|S04,S08,S09|S05|S06|S07|S10,S11,S12,S13,S14,S15
4;18/01/2024;06:32:00;"6.296.2";6;2;41;S01,S02,S03|S04,S08,S09|S05|S06|S07|S10,S11,S12,S13,S14,S15
4;18/01/2024;06:33:00;"6.296.2";6;2;41;S01,S02,S03|S04,S08,S09|S05|S06|S07|S10,S11,S12,S13,S14,S15
4;18/01/2024;06:34:00;"6.296.2";6;2;40;S01,S02,S03|S04,S08,S09|S05|S06|S07|S10,S11,S12,S13,S14,S15
4;18/01/2024;06:35:00;"6.296.2";6;2;40;S01,S02,S03|S04,S08,S09|S05|S06|S07|S10,S11,S12,S13,S14,S15
4;18/01/2024;06:36:00;"6.296.2";6;2;41;S01,S02,S03|S04,S08,S09|S05|S06|S07|S10,S11,S12,S13,S14,S15
4;18/01/2024;06:37:00;"6.296.2";6;2;42;S01,S02,S03|S04,S08,S09|S05|S06|S07|S10,S11,S12,S13,S14,S15
4;18/01/2024;06:38:00;"6.296.2";6;2;42;S01,S02,S03|S04,S08,S09|S05|S06|S07|S10,S11,S12,S13,S14,S15
4;18/01/2024;06:39:00;"6.296.2";6;2;42;S01,S02,S03|S04,S08,S09|S05|S06|S07|S10,S11,S12,S13,S14,S15
4;18/01/2024;06:40:00;"6.296.2";6;2;43;S01,S02,S03|S04,S08,S09|S05|S06|S07|S10,S11,S12,S13,S14,S15
4;18/01/2024;06:41:00;"6.296.2";6;2;44;S01,S02,S03|S04,S08,S09|S05|S06|S07|S10,S11,S12,S13,S14,S15
4;18/01/2024;06:42:00;"6.296.2";6;3;42;S01,S02,S03|S04,S08,S09|S05|S06|S07|S10,S11,S12,S13,S14,S15
4;18/01/2024;06:43:00;"6.296.2";6;3;43;S01,S02,S03|S04,S08,S09|S05|S06|S07|S10,S11,S12,S13,S14,S15
4;18/01/2024;06:44:00;"6.296.2";6;3;42;S01,S02,S03|S04,S08,S09|S05|S06|S07|S10,S11,S12,S13,S14,S15
4;18/01/2024;06:45:00;"6.296.2";6;3;42;S01,S02,S03|S04,S08,S09|S05|S06|S07|S10,S11,S12,S13,S14,S15
4;18/01/2024;06:46:00;"6.296.2";6;2;42;S01,S02,S03|S04,S08,S09|S05|S06|S07|S10,S11,S12,S13,S14,S15
4;18/01/2024;06:47:00;"6.296.2";6;3;43;S01,S02,S03|S04,S08,S09|S05|S06|S07|S10,S11,S12,S13,S14,S15
4;18/01/2024;06:48:00;"6.296.2";6;2;44;S01,S02,S03|S04,S08,S09|S05|S06|S07|S10,S11,S12,S13,S14,S15
4;18/01/2024;06:49:00;"6.296.2";6;2;44;S01,S02,S03|S04,S08,S09|S05|S06|S07|S10,S11,S12,S13,S14,S15
4;18/01/2024;06:50:00;"6.296.2";6;2;46;S01,S02,S03|S04,S08,S09|S05|S06|S07|S10,S11,S12,S13,S14,S15
4;18/01/2024;06:51:00;"6.296.2";6;2;46;S01,S02,S03|S04,S08,S09|S05|S06|S07|S10,S11,S12,S13,S14,S15
4;18/01/2024;06:52:00;"6.296.2";6;2;48;S01,S02,S03|S04,S08,S09|S05|S06|S07|S10,S11,S12,S13,S14,S15
4;18/01/2024;06:53:00;"6.296.2";6;2;48;S01,S02,S03|S04,S08,S09|S05|S06|S07|S10,S11,S12,S13,S14,S15
4;18/01/2024;06:54:00;"6.296.2";6;2;50;S01,S02,S03|S04,S08,S09|S05|S06|S07|S10,S11,S12,S13,S14,S15
4;18/01/2024;06:55:00;"6.296.2";6;2;49;S01,S02,S03|S04,S08,S09|S05|S06|S07|S10,S11,S12,S13,S14,S15
4;18/01/2024;06:56:00;"6.296.2";6;1;49;S01,S02,S03|S04,S08,S09|S05|S06|S07|S10,S11,S12,S13,S14,S15
4;18/01/2024;06:57:00;"6.296.2";6;1;49;S01,S02,S03|S04,S08,S09|S05|S06|S07|S10,S11,S12,S13,S14,S15
4;18/01/2024;06:58:00;"7.290.2";7;1;53;S01,S02,S03|S04,S08,S09|S05|S06|S07|S10,S11|S12,S13,S14,S15
4;18/01/2024;06:59:00;"7.290.2";7;1;53;S01,S02,S03|S04,S08,S09|S05|S06|S07|S10,S11|S12,S13,S14,S15
4;18/01/2024;07:00:00;"7.290.2";7;1;54;S01,S02,S03|S04,S08,S09|S05|S06|S07|S10,S11|S12,S13,S14,S15
4;18/01/2024;07:01:00;"7.290.2";7;1;54;S01,S02,S03|S04,S08,S09|S05|S06|S07|S10,S11|S12,S13,S14,S15
4;18/01/2024;07:02:00;"7.290.2";7;1;54;S01,S02,S03|S04,S08,S09|S05|S06|S07|S10,S11|S12,S13,S14,S15
4;18/01/2024;07:03:00;"7.290.2";7;1;56;S01,S02,S03|S04,S08,S09|S05|S06|S07|S10,S11|S12,S13,S14,S15
4;18/01/2024;07:04:00;"7.290.2";7;1;56;S01,S02,S03|S04,S08,S09|S05|S06|S07|S10,S11|S12,S13,S14,S15
4;18/01/2024;07:05:00;"6.275.2";6;2;56;S01,S02,S03|S04,S08,S09|S05|S06,S07|S10,S11|S12,S13,S14,S15
4;18/01/2024;07:06:00;"6.275.2";6;3;58;S01,S02,S03|S04,S08,S09|S05|S06,S07|S10,S11|S12,S13,S14,S15
4;18/01/2024;07:07:00;"6.275.2";6;3;58;S01,S02,S03|S04,S08,S09|S05|S06,S07|S10,S11|S12,S13,S14,S15
4;18/01/2024;07:08:00;"6.275.2";6;3;60;S01,S02,S03|S04,S08,S09|S05|S06,S07|S10,S11|S12,S13,S14,S15
4;18/01/2024;07:09:00;"6.275.2";6;3;61;S01,S02,S03|S04,S08,S09|S05|S06,S07|S10,S11|S12,S13,S14,S15
4;18/01/2024;07:10:00;"6.275.2";6;4;61;S01,S02,S03|S04,S08,S09|S05|S06,S07|S10,S11|S12,S13,S14,S15
4;18/01/2024;07:11:00;"6.275.2";6;4;59;S01,S02,S03|S04,S08,S09|S05|S06,S07|S10,S11|S12,S13,S14,S15
4;18/01/2024;07:12:00;"6.275.2";6;4;59;S01,S02,S03|S04,S08,S09|S05|S06,S07|S10,S11|S12,S13,S14,S15
4;18/01/2024;07:13:00;"6.275.2";6;4;56;S01,S02,S03|S04,S08,S09|S05|S06,S07|S10,S11|S12,S13,S14,S15
4;18/01/2024;07:14:00;"6.275.2";6;4;58;S01,S02,S03|S04,S08,S09|S05|S06,S07|S10,S11|S12,S13,S14,S15
4;18/01/2024;07:15:00;"6.275.2";6;4;58;S01,S02,S03|S04,S08,S09|S05|S06,S07|S10,S11|S12,S13,S14,S15
4;18/01/2024;07:16:00;"6.275.2";6;4;58;S01,S02,S03|S04,S08,S09|S05|S06,S07|S10,S11|S12,S13,S14,S15
4;18/01/2024;07:17:00;"6.275.2";6;4;59;S01,S02,S03|S04,S08,S09|S05|S06,S07|S10,S11|S12,S13,S14,S15
4;18/01/2024;07:18:00;"6.275.2";6;4;60;S01,S02,S03|S04,S08,S09|S05|S06,S07|S10,S11|S12,S13,S14,S15
4;18/01/2024;07:19:00;"6.275.2";6;4;58;S01,S02,S03|S04,S08,S09|S05|S06,S07|S10,S11|S12,S13,S14,S15
4;18/01/2024;07:20:00;"6.275.2";6;4;58;S01,S02,S03|S04,S08,S09|S05|S06,S07|S10,S11|S12,S13,S14,S15
4;18/01/2024;07:21:00;"7.291.2";7;3;58;S01|S02,S03|S04,S08,S09|S05|S06,S07|S10,S11|S12,S13,S14,S15
4;18/01/2024;07:22:00;"7.291.2";7;4;60;S01|S02,S03|S04,S08,S09|S05|S06,S07|S10,S11|S12,S13,S14,S15
4;18/01/2024;07:23:00;"7.291.2";7;4;60;S01|S02,S03|S04,S08,S09|S05|S06,S07|S10,S11|S12,S13,S14,S15
4;18/01/2024;07:24:00;"7.291.2";7;3;60;S01|S02,S03|S04,S08,S09|S05|S06,S07|S10,S11|S12,S13,S14,S15
4;18/01/2024;07:25:00;"7.291.2";7;3;59;S01|S02,S03|S04,S08,S09|S05|S06,S07|S10,S11|S12,S13,S14,S15
4;18/01/2024;07:26:00;"7.291.2";7;3;60;S01|S02,S03|S04,S08,S09|S05|S06,S07|S10,S11|S12,S13,S14,S15
4;18/01/2024;07:27:00;"7.291.2";7;3;60;S01|S02,S03|S04,S08,S09|S05|S06,S07|S10,S11|S12,S13,S14,S15
4;18/01/2024;07:28:00;"7.291.2";7;1;59;S01|S02,S03|S04,S08,S09|S05|S06,S07|S10,S11|S12,S13,S14,S15
4;18/01/2024;07:29:00;"7.291.2";7;2;56;S01|S02,S03|S04,S08,S09|S05|S06,S07|S10,S11|S12,S13,S14,S15
4;18/01/2024;07:30:00;"7.291.2";7;3;57;S01|S02,S03|S04,S08,S09|S05|S06,S07|S10,S11|S12,S13,S14,S15
4;18/01/2024;07:31:00;"7.291.2";7;3;58;S01|S02,S03|S04,S08,S09|S05|S06,S07|S10,S11|S12,S13,S14,S15
4;18/01/2024;07:32:00;"7.291.2";7;3;60;S01|S02,S03|S04,S08,S09|S05|S06,S07|S10,S11|S12,S13,S14,S15
4;18/01/2024;07:33:00;"7.291.2";7;3;60;S01|S02,S03|S04,S08,S09|S05|S06,S07|S10,S11|S12,S13,S14,S15
4;18/01/2024;07:34:00;"7.291.2";7;4;61;S01|S02,S03|S04,S08,S09|S05|S06,S07|S10,S11|S12,S13,S14,S15
4;18/01/2024;07:35:00;"7.291.2";7;4;61;S01|S02,S03|S04,S08,S09|S05|S06,S07|S10,S11|S12,S13,S14,S15
4;18/01/2024;07:36:00;"7.291.2";7;5;61;S01|S02,S03|S04,S08,S09|S05|S06,S07|S10,S11|S12,S13,S14,S15
4;18/01/2024;07:37:00;"7.291.2";7;5;61;S01|S02,S03|S04,S08,S09|S05|S06,S07|S10,S11|S12,S13,S14,S15
4;18/01/2024;07:38:00;"7.291.2";7;4;60;S01|S02,S03|S04,S08,S09|S05|S06,S07|S10,S11|S12,S13,S14,S15
4;18/01/2024;07:39:00;"7.291.2";7;3;60;S01|S02,S03|S04,S08,S09|S05|S06,S07|S10,S11|S12,S13,S14,S15
4;18/01/2024;07:40:00;"7.291.2";7;3;60;S01|S02,S03|S04,S08,S09|S05|S06,S07|S10,S11|S12,S13,S14,S15
4;18/01/2024;07:41:00;"6.275.2";6;2;60;S01,S02,S03|S04,S08,S09|S05|S06,S07|S10,S11|S12,S13,S14,S15
4;18/01/2024;07:42:00;"6.275.2";6;3;59;S01,S02,S03|S04,S08,S09|S05|S06,S07|S10,S11|S12,S13,S14,S15
4;18/01/2024;07:43:00;"6.275.2";6;4;60;S01,S02,S03|S04,S08,S09|S05|S06,S07|S10,S11|S12,S13,S14,S15
4;18/01/2024;07:44:00;"6.275.2";6;4;59;S01,S02,S03|S04,S08,S09|S05|S06,S07|S10,S11|S12,S13,S14,S15
4;18/01/2024;07:45:00;"6.275.2";6;4;59;S01,S02,S03|S04,S08,S09|S05|S06,S07|S10,S11|S12,S13,S14,S15
4;18/01/2024;07:46:00;"6.275.2";6;4;58;S01,S02,S03|S04,S08,S09|S05|S06,S07|S10,S11|S12,S13,S14,S15
4;18/01/2024;07:47:00;"6.275.2";6;4;58;S01,S02,S03|S04,S08,S09|S05|S06,S07|S10,S11|S12,S13,S14,S15
4;18/01/2024;07:48:00;"6.275.2";6;4;58;S01,S02,S03|S04,S08,S09|S05|S06,S07|S10,S11|S12,S13,S14,S15
4;18/01/2024;07:49:00;"6.275.2";6;4;57;S01,S02,S03|S04,S08,S09|S05|S06,S07|S10,S11|S12,S13,S14,S15
4;18/01/2024;07:50:00;"6.275.2";6;5;58;S01,S02,S03|S04,S08,S09|S05|S06,S07|S10,S11|S12,S13,S14,S15
4;18/01/2024;07:51:00;"6.275.2";6;5;57;S01,S02,S03|S04,S08,S09|S05|S06,S07|S10,S11|S12,S13,S14,S15
4;18/01/2024;07:52:00;"6.275.2";6;5;57;S01,S02,S03|S04,S08,S09|S05|S06,S07|S10,S11|S12,S13,S14,S15
4;18/01/2024;07:53:00;"6.275.2";6;5;56;S01,S02,S03|S04,S08,S09|S05|S06,S07|S10,S11|S12,S13,S14,S15
4;18/01/2024;07:54:00;"6.275.2";6;5;54;S01,S02,S03|S04,S08,S09|S05|S06,S07|S10,S11|S12,S13,S14,S15
4;18/01/2024;07:55:00;"6.275.2";6;5;55;S01,S02,S03|S04,S08,S09|S05|S06,S07|S10,S11|S12,S13,S14,S15
4;18/01/2024;07:56:00;"6.275.2";6;5;55;S01,S02,S03|S04,S08,S09|S05|S06,S07|S10,S11|S12,S13,S14,S15
4;18/01/2024;07:57:00;"6.275.2";6;5;56;S01,S02,S03|S04,S08,S09|S05|S06,S07|S10,S11|S12,S13,S14,S15
4;18/01/2024;07:58:00;"6.275.2";6;3;56;S01,S02,S03|S04,S08,S09|S05|S06,S07|S10,S11|S12,S13,S14,S15
4;18/01/2024;07:59:00;"6.275.2";6;4;56;S01,S02,S03|S04,S08,S09|S05|S06,S07|S10,S11|S12,S13,S14,S15
4;18/01/2024;08:00:00;"6.275.2";6;4;53;S01,S02,S03|S04,S08,S09|S05|S06,S07|S10,S11|S12,S13,S14,S15
4;18/01/2024;08:01:00;"6.275.2";6;4;54;S01,S02,S03|S04,S08,S09|S05|S06,S07|S10,S11|S12,S13,S14,S15
4;18/01/2024;08:02:00;"6.275.2";6;4;55;S01,S02,S03|S04,S08,S09|S05|S06,S07|S10,S11|S12,S13,S14,S15
4;18/01/2024;08:03:00;"6.275.2";6;3;53;S01,S02,S03|S04,S08,S09|S05|S06,S07|S10,S11|S12,S13,S14,S15
4;18/01/2024;08:04:00;"6.318.2";6;3;52;S01,S02,S03|S04,S08,S09|S05|S06|S07,S10,S11|S12,S13,S14,S15
4;18/01/2024;08:05:00;"6.318.2";6;4;54;S01,S02,S03|S04,S08,S09|S05|S06|S07,S10,S11|S12,S13,S14,S15
4;18/01/2024;08:06:00;"6.318.2";6;4;53;S01,S02,S03|S04,S08,S09|S05|S06|S07,S10,S11|S12,S13,S14,S15
4;18/01/2024;08:07:00;"6.318.2";6;4;53;S01,S02,S03|S04,S08,S09|S05|S06|S07,S10,S11|S12,S13,S14,S15
4;18/01/2024;08:08:00;"6.318.2";6;4;52;S01,S02,S03|S04,S08,S09|S05|S06|S07,S10,S11|S12,S13,S14,S15
4;18/01/2024;08:09:00;"6.318.2";6;4;52;S01,S02,S03|S04,S08,S09|S05|S06|S07,S10,S11|S12,S13,S14,S15
4;18/01/2024;08:10:00;"6.318.2";6;4;49;S01,S02,S03|S04,S08,S09|S05|S06|S07,S10,S11|S12,S13,S14,S15
4;18/01/2024;08:11:00;"6.318.2";6;4;50;S01,S02,S03|S04,S08,S09|S05|S06|S07,S10,S11|S12,S13,S14,S15
4;18/01/2024;08:12:00;"6.318.2";6;4;49;S01,S02,S03|S04,S08,S09|S05|S06|S07,S10,S11|S12,S13,S14,S15
4;18/01/2024;08:13:00;"6.318.2";6;4;51;S01,S02,S03|S04,S08,S09|S05|S06|S07,S10,S11|S12,S13,S14,S15
4;18/01/2024;08:14:00;"5.422.1";5;4;52;S01,S02,S03,S05|S04,S08,S09|S06|S07,S10,S11|S12,S13,S14,S15
4;18/01/2024;08:15:00;"5.422.1";5;4;51;S01,S02,S03,S05|S04,S08,S09|S06|S07,S10,S11|S12,S13,S14,S15
4;18/01/2024;08:16:00;"5.422.1";5;4;53;S01,S02,S03,S05|S04,S08,S09|S06|S07,S10,S11|S12,S13,S14,S15
4;18/01/2024;08:17:00;"5.422.1";5;4;54;S01,S02,S03,S05|S04,S08,S09|S06|S07,S10,S11|S12,S13,S14,S15
4;18/01/2024;08:18:00;"5.422.1";5;4;54;S01,S02,S03,S05|S04,S08,S09|S06|S07,S10,S11|S12,S13,S14,S15
4;18/01/2024;08:19:00;"5.423.1";5;4;54;S01,S02,S03,S05|S04,S08,S09|S06|S07,S10|S11,S12,S13,S14,S15
4;18/01/2024;08:20:00;"5.423.1";5;4;54;S01,S02,S03,S05|S04,S08,S09|S06|S07,S10|S11,S12,S13,S14,S15
4;18/01/2024;08:21:00;"5.423.1";5;4;54;S01,S02,S03,S05|S04,S08,S09|S06|S07,S10|S11,S12,S13,S14,S15
4;18/01/2024;08:22:00;"5.423.1";5;3;55;S01,S02,S03,S05|S04,S08,S09|S06|S07,S10|S11,S12,S13,S14,S15
4;18/01/2024;08:23:00;"5.423.1";5;4;53;S01,S02,S03,S05|S04,S08,S09|S06|S07,S10|S11,S12,S13,S14,S15
4;18/01/2024;08:24:00;"5.423.1";5;4;52;S01,S02,S03,S05|S04,S08,S09|S06|S07,S10|S11,S12,S13,S14,S15
4;18/01/2024;08:25:00;"5.423.1";5;4;53;S01,S02,S03,S05|S04,S08,S09|S06|S07,S10|S11,S12,S13,S14,S15
4;18/01/2024;08:26:00;"5.423.1";5;4;54;S01,S02,S03,S05|S04,S08,S09|S06|S07,S10|S11,S12,S13,S14,S15
4;18/01/2024;08:27:00;"5.423.1";5;4;54;S01,S02,S03,S05|S04,S08,S09|S06|S07,S10|S11,S12,S13,S14,S15
4;18/01/2024;08:28:00;"5.423.1";5;4;54;S01,S02,S03,S05|S04,S08,S09|S06|S07,S10|S11,S12,S13,S14,S15
4;18/01/2024;08:29:00;"5.423.1";5;4;53;S01,S02,S03,S05|S04,S08,S09|S06|S07,S10|S11,S12,S13,S14,S15
4;18/01/2024;08:30:00;"5.423.1";5;3;52;S01,S02,S03,S05|S04,S08,S09|S06|S07,S10|S11,S12,S13,S14,S15
4;18/01/2024;08:31:00;"5.423.1";5;4;51;S01,S02,S03,S05|S04,S08,S09|S06|S07,S10|S11,S12,S13,S14,S15
4;18/01/2024;08:32:00;"5.423.1";5;4;50;S01,S02,S03,S05|S04,S08,S09|S06|S07,S10|S11,S12,S13,S14,S15
4;18/01/2024;08:33:00;"5.423.1";5;4;50;S01,S02,S03,S05|S04,S08,S09|S06|S07,S10|S11,S12,S13,S14,S15
4;18/01/2024;08:34:00;"5.423.1";5;4;50;S01,S02,S03,S05|S04,S08,S09|S06|S07,S10|S11,S12,S13,S14,S15
4;18/01/2024;08:35:00;"5.423.1";5;4;50;S01,S02,S03,S05|S04,S08,S09|S06|S07,S10|S11,S12,S13,S14,S15
4;18/01/2024;08:36:00;"5.423.1";5;4;49;S01,S02,S03,S05|S04,S08,S09|S06|S07,S10|S11,S12,S13,S14,S15
4;18/01/2024;08:37:00;"5.423.1";5;4;49;S01,S02,S03,S05|S04,S08,S09|S06|S07,S10|S11,S12,S13,S14,S15
4;18/01/2024;08:38:00;"5.423.1";5;4;49;S01,S02,S03,S05|S04,S08,S09|S06|S07,S10|S11,S12,S13,S14,S15
4;18/01/2024;08:39:00;"5.423.1";5;4;48;S01,S02,S03,S05|S04,S08,S09|S06|S07,S10|S11,S12,S13,S14,S15
4;18/01/2024;08:40:00;"5.423.1";5;4;46;S01,S02,S03,S05|S04,S08,S09|S06|S07,S10|S11,S12,S13,S14,S15
4;18/01/2024;08:41:00;"5.423.1";5;4;45;S01,S02,S03,S05|S04,S08,S09|S06|S07,S10|S11,S12,S13,S14,S15
4;18/01/2024;08:42:00;"5.423.1";5;4;45;S01,S02,S03,S05|S04,S08,S09|S06|S07,S10|S11,S12,S13,S14,S15
4;18/01/2024;08:43:00;"5.423.1";5;4;44;S01,S02,S03,S05|S04,S08,S09|S06|S07,S10|S11,S12,S13,S14,S15
4;18/01/2024;08:44:00;"5.424.1";5;4;43;S01,S02,S03,S05|S04,S08,S09|S06,S07|S10|S11,S12,S13,S14,S15
4;18/01/2024;08:45:00;"5.393.1";5;4;44;S01,S02,S03,S05|S04,S08,S09|S06,S07|S10,S12|S11,S13,S14,S15
4;18/01/2024;08:46:00;"5.425.1";5;4;45;S01,S02,S03,S05|S04,S08,S09|S06,S07,S11|S10,S12|S13,S14,S15
4;18/01/2024;08:47:00;"5.425.1";5;4;47;S01,S02,S03,S05|S04,S08,S09|S06,S07,S11|S10,S12|S13,S14,S15
4;18/01/2024;08:48:00;"5.425.1";5;4;45;S01,S02,S03,S05|S04,S08,S09|S06,S07,S11|S10,S12|S13,S14,S15
4;18/01/2024;08:49:00;"5.425.1";5;3;45;S01,S02,S03,S05|S04,S08,S09|S06,S07,S11|S10,S12|S13,S14,S15
4;18/01/2024;08:50:00;"5.425.1";5;3;45;S01,S02,S03,S05|S04,S08,S09|S06,S07,S11|S10,S12|S13,S14,S15
4;18/01/2024;08:51:00;"5.425.1";5;3;46;S01,S02,S03,S05|S04,S08,S09|S06,S07,S11|S10,S12|S13,S14,S15
4;18/01/2024;08:52:00;"5.425.1";5;3;46;S01,S02,S03,S05|S04,S08,S09|S06,S07,S11|S10,S12|S13,S14,S15
4;18/01/2024;08:53:00;"5.425.1";5;3;48;S01,S02,S03,S05|S04,S08,S09|S06,S07,S11|S10,S12|S13,S14,S15
4;18/01/2024;08:54:00;"5.425.1";5;3;48;S01,S02,S03,S05|S04,S08,S09|S06,S07,S11|S10,S12|S13,S14,S15
4;18/01/2024;08:55:00;"5.425.1";5;3;46;S01,S02,S03,S05|S04,S08,S09|S06,S07,S11|S10,S12|S13,S14,S15
4;18/01/2024;08:56:00;"5.425.1";5;2;46;S01,S02,S03,S05|S04,S08,S09|S06,S07,S11|S10,S12|S13,S14,S15
4;18/01/2024;08:57:00;"5.425.1";5;2;45;S01,S02,S03,S05|S04,S08,S09|S06,S07,S11|S10,S12|S13,S14,S15
4;18/01/2024;08:58:00;"5.425.1";5;2;45;S01,S02,S03,S05|S04,S08,S09|S06,S07,S11|S10,S12|S13,S14,S15
4;18/01/2024;08:59:00;"5.425.1";5;2;44;S01,S02,S03,S05|S04,S08,S09|S06,S07,S11|S10,S12|S13,S14,S15
4;18/01/2024;09:00:00;"5.425.1";5;1;45;S01,S02,S03,S05|S04,S08,S09|S06,S07,S11|S10,S12|S13,S14,S15
4;18/01/2024;09:01:00;"5.425.1";5;1;44;S01,S02,S03,S05|S04,S08,S09|S06,S07,S11|S10,S12|S13,S14,S15
4;18/01/2024;09:02:00;"5.425.1";5;1;44;S01,S02,S03,S05|S04,S08,S09|S06,S07,S11|S10,S12|S13,S14,S15
4;18/01/2024;09:03:00;"5.425.1";5;1;43;S01,S02,S03,S05|S04,S08,S09|S06,S07,S11|S10,S12|S13,S14,S15
4;18/01/2024;09:04:00;"5.425.1";5;1;44;S01,S02,S03,S05|S04,S08,S09|S06,S07,S11|S10,S12|S13,S14,S15
4;18/01/2024;09:05:00;"5.425.1";5;1;43;S01,S02,S03,S05|S04,S08,S09|S06,S07,S11|S10,S12|S13,S14,S15
4;18/01/2024;09:06:00;"5.425.1";5;1;43;S01,S02,S03,S05|S04,S08,S09|S06,S07,S11|S10,S12|S13,S14,S15
4;18/01/2024;09:07:00;"5.425.1";5;1;41;S01,S02,S03,S05|S04,S08,S09|S06,S07,S11|S10,S12|S13,S14,S15
4;18/01/2024;09:08:00;"5.425.1";5;1;42;S01,S02,S03,S05|S04,S08,S09|S06,S07,S11|S10,S12|S13,S14,S15
4;18/01/2024;09:09:00;"5.425.1";5;1;42;S01,S02,S03,S05|S04,S08,S09|S06,S07,S11|S10,S12|S13,S14,S15
4;18/01/2024;09:10:00;"5.425.1";5;1;44;S01,S02,S03,S05|S04,S08,S09|S06,S07,S11|S10,S12|S13,S14,S15
4;18/01/2024;09:11:00;"5.425.1";5;1;46;S01,S02,S03,S05|S04,S08,S09|S06,S07,S11|S10,S12|S13,S14,S15
4;18/01/2024;09:12:00;"5.425.1";5;1;46;S01,S02,S03,S05|S04,S08,S09|S06,S07,S11|S10,S12|S13,S14,S15
4;18/01/2024;09:13:00;"5.425.1";5;1;44;S01,S02,S03,S05|S04,S08,S09|S06,S07,S11|S10,S12|S13,S14,S15
4;18/01/2024;09:14:00;"5.425.1";5;1;45;S01,S02,S03,S05|S04,S08,S09|S06,S07,S11|S10,S12|S13,S14,S15
4;18/01/2024;09:15:00;"5.425.1";5;1;46;S01,S02,S03,S05|S04,S08,S09|S06,S07,S11|S10,S12|S13,S14,S15
4;18/01/2024;09:16:00;"5.425.1";5;1;45;S01,S02,S03,S05|S04,S08,S09|S06,S07,S11|S10,S12|S13,S14,S15
4;18/01/2024;09:17:00;"5.425.1";5;1;43;S01,S02,S03,S05|S04,S08,S09|S06,S07,S11|S10,S12|S13,S14,S15
4;18/01/2024;09:18:00;"5.425.1";5;1;42;S01,S02,S03,S05|S04,S08,S09|S06,S07,S11|S10,S12|S13,S14,S15
4;18/01/2024;09:19:00;"4.353.1";4;1;41;S01,S02,S03,S05|S04,S08,S09|S06,S07,S10,S11,S12|S13,S14,S15
4;18/01/2024;09:20:00;"4.354.1";4;2;42;S01,S02,S03,S05|S04,S08,S09|S06,S07,S11,S13,S14,S15|S10,S12
4;18/01/2024;09:21:00;"4.354.1";4;2;44;S01,S02,S03,S05|S04,S08,S09|S06,S07,S11,S13,S14,S15|S10,S12
4;18/01/2024;09:22:00;"4.354.1";4;2;44;S01,S02,S03,S05|S04,S08,S09|S06,S07,S11,S13,S14,S15|S10,S12
4;18/01/2024;09:23:00;"4.354.1";4;2;43;S01,S02,S03,S05|S04,S08,S09|S06,S07,S11,S13,S14,S15|S10,S12
4;18/01/2024;09:24:00;"4.354.1";4;1;41;S01,S02,S03,S05|S04,S08,S09|S06,S07,S11,S13,S14,S15|S10,S12
4;18/01/2024;09:25:00;"4.354.1";4;1;40;S01,S02,S03,S05|S04,S08,S09|S06,S07,S11,S13,S14,S15|S10,S12
4;18/01/2024;09:26:00;"4.354.1";4;1;38;S01,S02,S03,S05|S04,S08,S09|S06,S07,S11,S13,S14,S15|S10,S12
4;18/01/2024;09:27:00;"4.354.1";4;1;38;S01,S02,S03,S05|S04,S08,S09|S06,S07,S11,S13,S14,S15|S10,S12
4;18/01/2024;09:28:00;"4.354.1";4;1;34;S01,S02,S03,S05|S04,S08,S09|S06,S07,S11,S13,S14,S15|S10,S12
4;18/01/2024;09:29:00;"4.354.1";4;1;32;S01,S02,S03,S05|S04,S08,S09|S06,S07,S11,S13,S14,S15|S10,S12
4;18/01/2024;09:30:00;"4.354.1";4;1;31;S01,S02,S03,S05|S04,S08,S09|S06,S07,S11,S13,S14,S15|S10,S12
4;18/01/2024;09:31:00;"4.354.1";4;1;30;S01,S02,S03,S05|S04,S08,S09|S06,S07,S11,S13,S14,S15|S10,S12
4;18/01/2024;09:32:00;"4.354.1";4;1;30;S01,S02,S03,S05|S04,S08,S09|S06,S07,S11,S13,S14,S15|S10,S12
4;18/01/2024;09:33:00;"4.354.1";4;1;29;S01,S02,S03,S05|S04,S08,S09|S06,S07,S11,S13,S14,S15|S10,S12
4;18/01/2024;09:34:00;"4.354.1";4;1;29;S01,S02,S03,S05|S04,S08,S09|S06,S07,S11,S13,S14,S15|S10,S12
4;18/01/2024;09:35:00;"4.354.1";4;1;29;S01,S02,S03,S05|S04,S08,S09|S06,S07,S11,S13,S14,S15|S10,S12
4;18/01/2024;09:36:00;"4.354.1";4;1;29;S01,S02,S03,S05|S04,S08,S09|S06,S07,S11,S13,S14,S15|S10,S12
4;18/01/2024;09:37:00;"4.354.1";4;1;28;S01,S02,S03,S05|S04,S08,S09|S06,S07,S11,S13,S14,S15|S10,S12
4;18/01/2024;09:38:00;"4.354.1";4;1;29;S01,S02,S03,S05|S04,S08,S09|S06,S07,S11,S13,S14,S15|S10,S12
4;18/01/2024;09:39:00;"4.354.1";4;1;28;S01,S02,S03,S05|S04,S08,S09|S06,S07,S11,S13,S14,S15|S10,S12
4;18/01/2024;09:40:00;"4.354.1";4;1;27;S01,S02,S03,S05|S04,S08,S09|S06,S07,S11,S13,S14,S15|S10,S12
4;18/01/2024;09:41:00;"4.354.1";4;1;25;S01,S02,S03,S05|S04,S08,S09|S06,S07,S11,S13,S14,S15|S10,S12
4;18/01/2024;09:42:00;"3.165.1";3;2;25;S01,S02,S03,S05|S04,S08,S09|S06,S07,S10,S11,S12,S13,S14,S15
4;18/01/2024;09:43:00;"3.165.1";3;2;25;S01,S02,S03,S05|S04,S08,S09|S06,S07,S10,S11,S12,S13,S14,S15
4;18/01/2024;09:44:00;"3.165.1";3;2;24;S01,S02,S03,S05|S04,S08,S09|S06,S07,S10,S11,S12,S13,S14,S15
4;18/01/2024;09:45:00;"3.165.1";3;2;22;S01,S02,S03,S05|S04,S08,S09|S06,S07,S10,S11,S12,S13,S14,S15
4;18/01/2024;09:46:00;"3.165.1";3;2;23;S01,S02,S03,S05|S04,S08,S09|S06,S07,S10,S11,S12,S13,S14,S15
4;18/01/2024;09:47:00;"3.165.1";3;2;23;S01,S02,S03,S05|S04,S08,S09|S06,S07,S10,S11,S12,S13,S14,S15
4;18/01/2024;09:48:00;"3.165.1";3;2;22;S01,S02,S03,S05|S04,S08,S09|S06,S07,S10,S11,S12,S13,S14,S15
4;18/01/2024;09:49:00;"3.165.1";3;2;22;S01,S02,S03,S05|S04,S08,S09|S06,S07,S10,S11,S12,S13,S14,S15
4;18/01/2024;09:50:00;"3.165.1";3;2;22;S01,S02,S03,S05|S04,S08,S09|S06,S07,S10,S11,S12,S13,S14,S15
4;18/01/2024;09:51:00;"3.165.1";3;2;24;S01,S02,S03,S05|S04,S08,S09|S06,S07,S10,S11,S12,S13,S14,S15
4;18/01/2024;09:52:00;"3.165.1";3;2;24;S01,S02,S03,S05|S04,S08,S09|S06,S07,S10,S11,S12,S13,S14,S15
4;18/01/2024;09:53:00;"3.165.1";3;2;22;S01,S02,S03,S05|S04,S08,S09|S06,S07,S10,S11,S12,S13,S14,S15
4;18/01/2024;09:54:00;"3.165.1";3;2;22;S01,S02,S03,S05|S04,S08,S09|S06,S07,S10,S11,S12,S13,S14,S15
4;18/01/2024;09:55:00;"3.165.1";3;2;21;S01,S02,S03,S05|S04,S08,S09|S06,S07,S10,S11,S12,S13,S14,S15
4;18/01/2024;09:56:00;"3.165.1";3;1;21;S01,S02,S03,S05|S04,S08,S09|S06,S07,S10,S11,S12,S13,S14,S15
4;18/01/2024;09:57:00;"3.138.1";3;2;18;S01,S02,S03|S04,S05,S08,S09|S06,S07,S10,S11,S12,S13,S14,S15
4;18/01/2024;09:58:00;"3.138.1";3;2;17;S01,S02,S03|S04,S05,S08,S09|S06,S07,S10,S11,S12,S13,S14,S15
4;18/01/2024;09:59:00;"3.138.1";3;2;17;S01,S02,S03|S04,S05,S08,S09|S06,S07,S10,S11,S12,S13,S14,S15
4;18/01/2024;10:00:00;"3.138.1";3;2;17;S01,S02,S03|S04,S05,S08,S09|S06,S07,S10,S11,S12,S13,S14,S15
4;18/01/2024;10:01:00;"3.138.1";3;2;17;S01,S02,S03|S04,S05,S08,S09|S06,S07,S10,S11,S12,S13,S14,S15
4;18/01/2024;10:02:00;"3.138.1";3;2;17;S01,S02,S03|S04,S05,S08,S09|S06,S07,S10,S11,S12,S13,S14,S15
4;18/01/2024;10:03:00;"3.138.1";3;3;16;S01,S02,S03|S04,S05,S08,S09|S06,S07,S10,S11,S12,S13,S14,S15
4;18/01/2024;10:04:00;"3.138.1";3;3;15;S01,S02,S03|S04,S05,S08,S09|S06,S07,S10,S11,S12,S13,S14,S15
4;18/01/2024;10:05:00;"3.138.1";3;3;15;S01,S02,S03|S04,S05,S08,S09|S06,S07,S10,S11,S12,S13,S14,S15
4;18/01/2024;10:06:00;"3.138.1";3;3;17;S01,S02,S03|S04,S05,S08,S09|S06,S07,S10,S11,S12,S13,S14,S15
4;18/01/2024;10:07:00;"3.138.1";3;3;18;S01,S02,S03|S04,S05,S08,S09|S06,S07,S10,S11,S12,S13,S14,S15
4;18/01/2024;10:08:00;"3.138.1";3;3;18;S01,S02,S03|S04,S05,S08,S09|S06,S07,S10,S11,S12,S13,S14,S15
4;18/01/2024;10:09:00;"3.138.1";3;3;18;S01,S02,S03|S04,S05,S08,S09|S06,S07,S10,S11,S12,S13,S14,S15
4;18/01/2024;10:10:00;"3.138.1";3;3;17;S01,S02,S03|S04,S05,S08,S09|S06,S07,S10,S11,S12,S13,S14,S15
4;18/01/2024;10:11:00;"3.138.1";3;3;18;S01,S02,S03|S04,S05,S08,S09|S06,S07,S10,S11,S12,S13,S14,S15
4;18/01/2024;10:12:00;"3.138.1";3;2;18;S01,S02,S03|S04,S05,S08,S09|S06,S07,S10,S11,S12,S13,S14,S15
4;18/01/2024;10:13:00;"3.138.1";3;2;19;S01,S02,S03|S04,S05,S08,S09|S06,S07,S10,S11,S12,S13,S14,S15
4;18/01/2024;10:14:00;"3.138.1";3;2;19;S01,S02,S03|S04,S05,S08,S09|S06,S07,S10,S11,S12,S13,S14,S15
4;18/01/2024;10:15:00;"3.138.1";3;2;19;S01,S02,S03|S04,S05,S08,S09|S06,S07,S10,S11,S12,S13,S14,S15
4;18/01/2024;10:16:00;"3.138.1";3;2;19;S01,S02,S03|S04,S05,S08,S09|S06,S07,S10,S11,S12,S13,S14,S15
4;18/01/2024;10:17:00;"3.138.1";3;2;19;S01,S02,S03|S04,S05,S08,S09|S06,S07,S10,S11,S12,S13,S14,S15
4;18/01/2024;10:18:00;"3.138.1";3;2;19;S01,S02,S03|S04,S05,S08,S09|S06,S07,S10,S11,S12,S13,S14,S15
4;18/01/2024;10:19:00;"3.138.1";3;2;18;S01,S02,S03|S04,S05,S08,S09|S06,S07,S10,S11,S12,S13,S14,S15
4;18/01/2024;10:20:00;"3.138.1";3;2;18;S01,S02,S03|S04,S05,S08,S09|S06,S07,S10,S11,S12,S13,S14,S15
4;18/01/2024;10:21:00;"3.138.1";3;2;18;S01,S02,S03|S04,S05,S08,S09|S06,S07,S10,S11,S12,S13,S14,S15
4;18/01/2024;10:22:00;"3.138.1";3;2;18;S01,S02,S03|S04,S05,S08,S09|S06,S07,S10,S11,S12,S13,S14,S15
4;18/01/2024;10:23:00;"3.138.1";3;2;18;S01,S02,S03|S04,S05,S08,S09|S06,S07,S10,S11,S12,S13,S14,S15
4;18/01/2024;10:24:00;"3.138.1";3;2;18;S01,S02,S03|S04,S05,S08,S09|S06,S07,S10,S11,S12,S13,S14,S15
4;18/01/2024;10:25:00;"3.138.1";3;2;19;S01,S02,S03|S04,S05,S08,S09|S06,S07,S10,S11,S12,S13,S14,S15
4;18/01/2024;10:26:00;"3.138.1";3;2;19;S01,S02,S03|S04,S05,S08,S09|S06,S07,S10,S11,S12,S13,S14,S15
4;18/01/2024;10:27:00;"3.138.1";3;2;18;S01,S02,S03|S04,S05,S08,S09|S06,S07,S10,S11,S12,S13,S14,S15
4;18/01/2024;10:28:00;"3.138.1";3;2;19;S01,S02,S03|S04,S05,S08,S09|S06,S07,S10,S11,S12,S13,S14,S15
4;18/01/2024;10:29:00;"3.138.1";3;2;21;S01,S02,S03|S04,S05,S08,S09|S06,S07,S10,S11,S12,S13,S14,S15
4;18/01/2024;10:30:00;"3.138.1";3;2;20;S01,S02,S03|S04,S05,S08,S09|S06,S07,S10,S11,S12,S13,S14,S15
4;18/01/2024;10:31:00;"3.138.1";3;2;19;S01,S02,S03|S04,S05,S08,S09|S06,S07,S10,S11,S12,S13,S14,S15
4;18/01/2024;10:32:00;"4.252.1";4;2;19;S01,S02,S03|S04,S05,S08,S09|S06,S07,S10,S11|S12,S13,S14,S15
4;18/01/2024;10:33:00;"4.252.1";4;2;20;S01,S02,S03|S04,S05,S08,S09|S06,S07,S10,S11|S12,S13,S14,S15
4;18/01/2024;10:34:00;"4.252.1";4;2;18;S01,S02,S03|S04,S05,S08,S09|S06,S07,S10,S11|S12,S13,S14,S15
4;18/01/2024;10:35:00;"4.252.1";4;2;19;S01,S02,S03|S04,S05,S08,S09|S06,S07,S10,S11|S12,S13,S14,S15
4;18/01/2024;10:36:00;"4.252.1";4;2;18;S01,S02,S03|S04,S05,S08,S09|S06,S07,S10,S11|S12,S13,S14,S15
4;18/01/2024;10:37:00;"4.252.1";4;2;21;S01,S02,S03|S04,S05,S08,S09|S06,S07,S10,S11|S12,S13,S14,S15
4;18/01/2024;10:38:00;"4.252.1";4;2;21;S01,S02,S03|S04,S05,S08,S09|S06,S07,S10,S11|S12,S13,S14,S15
4;18/01/2024;10:39:00;"4.252.1";4;2;22;S01,S02,S03|S04,S05,S08,S09|S06,S07,S10,S11|S12,S13,S14,S15
4;18/01/2024;10:40:00;"4.252.1";4;2;23;S01,S02,S03|S04,S05,S08,S09|S06,S07,S10,S11|S12,S13,S14,S15
4;18/01/2024;10:41:00;"4.252.1";4;2;23;S01,S02,S03|S04,S05,S08,S09|S06,S07,S10,S11|S12,S13,S14,S15
4;18/01/2024;10:42:00;"4.252.1";4;2;23;S01,S02,S03|S04,S05,S08,S09|S06,S07,S10,S11|S12,S13,S14,S15
4;18/01/2024;10:43:00;"4.252.1";4;2;23;S01,S02,S03|S04,S05,S08,S09|S06,S07,S10,S11|S12,S13,S14,S15
4;18/01/2024;10:44:00;"4.252.1";4;2;24;S01,S02,S03|S04,S05,S08,S09|S06,S07,S10,S11|S12,S13,S14,S15
4;18/01/2024;10:45:00;"4.252.1";4;2;23;S01,S02,S03|S04,S05,S08,S09|S06,S07,S10,S11|S12,S13,S14,S15
4;18/01/2024;10:46:00;"4.252.1";4;2;23;S01,S02,S03|S04,S05,S08,S09|S06,S07,S10,S11|S12,S13,S14,S15
4;18/01/2024;10:47:00;"4.252.1";4;2;21;S01,S02,S03|S04,S05,S08,S09|S06,S07,S10,S11|S12,S13,S14,S15
4;18/01/2024;10:48:00;"4.252.1";4;2;20;S01,S02,S03|S04,S05,S08,S09|S06,S07,S10,S11|S12,S13,S14,S15
4;18/01/2024;10:49:00;"4.252.1";4;2;22;S01,S02,S03|S04,S05,S08,S09|S06,S07,S10,S11|S12,S13,S14,S15
4;18/01/2024;10:50:00;"4.252.1";4;2;22;S01,S02,S03|S04,S05,S08,S09|S06,S07,S10,S11|S12,S13,S14,S15
4;18/01/2024;10:51:00;"4.252.1";4;2;20;S01,S02,S03|S04,S05,S08,S09|S06,S07,S10,S11|S12,S13,S14,S15
4;18/01/2024;10:52:00;"4.252.1";4;2;21;S01,S02,S03|S04,S05,S08,S09|S06,S07,S10,S11|S12,S13,S14,S15
4;18/01/2024;10:53:00;"4.252.1";4;1;19;S01,S02,S03|S04,S05,S08,S09|S06,S07,S10,S11|S12,S13,S14,S15
4;18/01/2024;10:54:00;"4.252.1";4;2;19;S01,S02,S03|S04,S05,S08,S09|S06,S07,S10,S11|S12,S13,S14,S15
4;18/01/2024;10:55:00;"4.252.1";4;2;19;S01,S02,S03|S04,S05,S08,S09|S06,S07,S10,S11|S12,S13,S14,S15
4;18/01/2024;10:56:00;"4.252.1";4;2;18;S01,S02,S03|S04,S05,S08,S09|S06,S07,S10,S11|S12,S13,S14,S15
4;18/01/2024;10:57:00;"4.252.1";4;2;20;S01,S02,S03|S04,S05,S08,S09|S06,S07,S10,S11|S12,S13,S14,S15
4;18/01/2024;10:58:00;"4.252.1";4;2;18;S01,S02,S03|S04,S05,S08,S09|S06,S07,S10,S11|S12,S13,S14,S15
4;18/01/2024;10:59:00;"4.252.1";4;2;18;S01,S02,S03|S04,S05,S08,S09|S06,S07,S10,S11|S12,S13,S14,S15
4;18/01/2024;11:00:00;"4.252.1";4;2;19;S01,S02,S03|S04,S05,S08,S09|S06,S07,S10,S11|S12,S13,S14,S15
4;18/01/2024;11:01:00;"4.252.1";4;2;20;S01,S02,S03|S04,S05,S08,S09|S06,S07,S10,S11|S12,S13,S14,S15
4;18/01/2024;11:02:00;"4.252.1";4;2;20;S01,S02,S03|S04,S05,S08,S09|S06,S07,S10,S11|S12,S13,S14,S15
4;18/01/2024;11:03:00;"4.252.1";4;2;20;S01,S02,S03|S04,S05,S08,S09|S06,S07,S10,S11|S12,S13,S14,S15
4;18/01/2024;11:04:00;"4.252.1";4;2;20;S01,S02,S03|S04,S05,S08,S09|S06,S07,S10,S11|S12,S13,S14,S15
4;18/01/2024;11:05:00;"4.252.1";4;2;21;S01,S02,S03|S04,S05,S08,S09|S06,S07,S10,S11|S12,S13,S14,S15
4;18/01/2024;11:06:00;"4.252.1";4;2;21;S01,S02,S03|S04,S05,S08,S09|S06,S07,S10,S11|S12,S13,S14,S15
4;18/01/2024;11:07:00;"4.252.1";4;2;21;S01,S02,S03|S04,S05,S08,S09|S06,S07,S10,S11|S12,S13,S14,S15
4;18/01/2024;11:08:00;"4.252.1";4;2;23;S01,S02,S03|S04,S05,S08,S09|S06,S07,S10,S11|S12,S13,S14,S15
4;18/01/2024;11:09:00;"4.252.1";4;2;23;S01,S02,S03|S04,S05,S08,S09|S06,S07,S10,S11|S12,S13,S14,S15
4;18/01/2024;11:10:00;"4.252.1";4;2;24;S01,S02,S03|S04,S05,S08,S09|S06,S07,S10,S11|S12,S13,S14,S15
4;18/01/2024;11:11:00;"4.252.1";4;1;24;S01,S02,S03|S04,S05,S08,S09|S06,S07,S10,S11|S12,S13,S14,S15
4;18/01/2024;11:12:00;"4.252.1";4;1;25;S01,S02,S03|S04,S05,S08,S09|S06,S07,S10,S11|S12,S13,S14,S15
4;18/01/2024;11:13:00;"4.252.1";4;1;26;S01,S02,S03|S04,S05,S08,S09|S06,S07,S10,S11|S12,S13,S14,S15
4;18/01/2024;11:14:00;"4.252.1";4;1;26;S01,S02,S03|S04,S05,S08,S09|S06,S07,S10,S11|S12,S13,S14,S15
4;18/01/2024;11:15:00;"4.252.1";4;1;26;S01,S02,S03|S04,S05,S08,S09|S06,S07,S10,S11|S12,S13,S14,S15
4;18/01/2024;11:16:00;"4.252.1";4;1;26;S01,S02,S03|S04,S05,S08,S09|S06,S07,S10,S11|S12,S13,S14,S15
4;18/01/2024;11:17:00;"4.252.1";4;1;27;S01,S02,S03|S04,S05,S08,S09|S06,S07,S10,S11|S12,S13,S14,S15
4;18/01/2024;11:18:00;"4.252.1";4;1;28;S01,S02,S03|S04,S05,S08,S09|S06,S07,S10,S11|S12,S13,S14,S15
4;18/01/2024;11:19:00;"4.252.1";4;1;29;S01,S02,S03|S04,S05,S08,S09|S06,S07,S10,S11|S12,S13,S14,S15
4;18/01/2024;11:20:00;"4.252.1";4;0;31;S01,S02,S03|S04,S05,S08,S09|S06,S07,S10,S11|S12,S13,S14,S15
4;18/01/2024;11:21:00;"4.252.1";4;1;31;S01,S02,S03|S04,S05,S08,S09|S06,S07,S10,S11|S12,S13,S14,S15
4;18/01/2024;11:22:00;"4.252.1";4;1;31;S01,S02,S03|S04,S05,S08,S09|S06,S07,S10,S11|S12,S13,S14,S15
4;18/01/2024;11:23:00;"4.355.1";4;1;31;S01,S02,S03,S04,S08|S05,S09|S06,S07,S10,S11|S12,S13,S14,S15
4;18/01/2024;11:24:00;"4.355.1";4;1;31;S01,S02,S03,S04,S08|S05,S09|S06,S07,S10,S11|S12,S13,S14,S15
4;18/01/2024;11:25:00;"4.355.1";4;1;31;S01,S02,S03,S04,S08|S05,S09|S06,S07,S10,S11|S12,S13,S14,S15
4;18/01/2024;11:26:00;"4.355.1";4;1;32;S01,S02,S03,S04,S08|S05,S09|S06,S07,S10,S11|S12,S13,S14,S15
4;18/01/2024;11:27:00;"4.355.1";4;1;31;S01,S02,S03,S04,S08|S05,S09|S06,S07,S10,S11|S12,S13,S14,S15
4;18/01/2024;11:28:00;"4.355.1";4;2;32;S01,S02,S03,S04,S08|S05,S09|S06,S07,S10,S11|S12,S13,S14,S15
4;18/01/2024;11:29:00;"4.355.1";4;2;31;S01,S02,S03,S04,S08|S05,S09|S06,S07,S10,S11|S12,S13,S14,S15
4;18/01/2024;11:30:00;"4.355.1";4;2;32;S01,S02,S03,S04,S08|S05,S09|S06,S07,S10,S11|S12,S13,S14,S15
4;18/01/2024;11:31:00;"5.426.1";5;2;34;S01,S02,S03,S04,S08|S05,S09|S06,S07|S10,S11,S12|S13,S14,S15
4;18/01/2024;11:32:00;"5.426.1";5;2;35;S01,S02,S03,S04,S08|S05,S09|S06,S07|S10,S11,S12|S13,S14,S15
4;18/01/2024;11:33:00;"5.426.1";5;2;32;S01,S02,S03,S04,S08|S05,S09|S06,S07|S10,S11,S12|S13,S14,S15
4;18/01/2024;11:34:00;"5.426.1";5;2;32;S01,S02,S03,S04,S08|S05,S09|S06,S07|S10,S11,S12|S13,S14,S15
4;18/01/2024;11:35:00;"5.426.1";5;2;32;S01,S02,S03,S04,S08|S05,S09|S06,S07|S10,S11,S12|S13,S14,S15
4;18/01/2024;11:36:00;"5.426.1";5;2;35;S01,S02,S03,S04,S08|S05,S09|S06,S07|S10,S11,S12|S13,S14,S15
4;18/01/2024;11:37:00;"5.426.1";5;2;36;S01,S02,S03,S04,S08|S05,S09|S06,S07|S10,S11,S12|S13,S14,S15
4;18/01/2024;11:38:00;"5.426.1";5;2;35;S01,S02,S03,S04,S08|S05,S09|S06,S07|S10,S11,S12|S13,S14,S15
4;18/01/2024;11:39:00;"5.426.1";5;2;34;S01,S02,S03,S04,S08|S05,S09|S06,S07|S10,S11,S12|S13,S14,S15
4;18/01/2024;11:40:00;"5.426.1";5;2;34;S01,S02,S03,S04,S08|S05,S09|S06,S07|S10,S11,S12|S13,S14,S15
4;18/01/2024;11:41:00;"5.426.1";5;2;32;S01,S02,S03,S04,S08|S05,S09|S06,S07|S10,S11,S12|S13,S14,S15
4;18/01/2024;11:42:00;"5.426.1";5;2;33;S01,S02,S03,S04,S08|S05,S09|S06,S07|S10,S11,S12|S13,S14,S15
4;18/01/2024;11:43:00;"5.426.1";5;2;31;S01,S02,S03,S04,S08|S05,S09|S06,S07|S10,S11,S12|S13,S14,S15
4;18/01/2024;11:44:00;"5.426.1";5;2;32;S01,S02,S03,S04,S08|S05,S09|S06,S07|S10,S11,S12|S13,S14,S15
4;18/01/2024;11:45:00;"5.426.1";5;1;34;S01,S02,S03,S04,S08|S05,S09|S06,S07|S10,S11,S12|S13,S14,S15
4;18/01/2024;11:46:00;"5.426.1";5;1;35;S01,S02,S03,S04,S08|S05,S09|S06,S07|S10,S11,S12|S13,S14,S15
4;18/01/2024;11:47:00;"5.426.1";5;1;37;S01,S02,S03,S04,S08|S05,S09|S06,S07|S10,S11,S12|S13,S14,S15
4;18/01/2024;11:48:00;"5.426.1";5;1;38;S01,S02,S03,S04,S08|S05,S09|S06,S07|S10,S11,S12|S13,S14,S15
4;18/01/2024;11:49:00;"5.426.1";5;1;39;S01,S02,S03,S04,S08|S05,S09|S06,S07|S10,S11,S12|S13,S14,S15
4;18/01/2024;11:50:00;"5.427.1";5;2;41;S01,S02,S03,S04,S08|S05,S09|S06,S07|S10,S11,S12,S13|S14,S15
4;18/01/2024;11:51:00;"5.427.1";5;2;43;S01,S02,S03,S04,S08|S05,S09|S06,S07|S10,S11,S12,S13|S14,S15
4;18/01/2024;11:52:00;"5.427.1";5;2;43;S01,S02,S03,S04,S08|S05,S09|S06,S07|S10,S11,S12,S13|S14,S15
4;18/01/2024;11:53:00;"5.427.1";5;2;43;S01,S02,S03,S04,S08|S05,S09|S06,S07|S10,S11,S12,S13|S14,S15
4;18/01/2024;11:54:00;"5.427.1";5;2;43;S01,S02,S03,S04,S08|S05,S09|S06,S07|S10,S11,S12,S13|S14,S15
4;18/01/2024;11:55:00;"5.427.1";5;3;42;S01,S02,S03,S04,S08|S05,S09|S06,S07|S10,S11,S12,S13|S14,S15
4;18/01/2024;11:56:00;"5.427.1";5;3;43;S01,S02,S03,S04,S08|S05,S09|S06,S07|S10,S11,S12,S13|S14,S15
4;18/01/2024;11:57:00;"5.427.1";5;3;44;S01,S02,S03,S04,S08|S05,S09|S06,S07|S10,S11,S12,S13|S14,S15
4;18/01/2024;11:58:00;"5.427.1";5;3;45;S01,S02,S03,S04,S08|S05,S09|S06,S07|S10,S11,S12,S13|S14,S15
4;18/01/2024;11:59:00;"5.427.1";5;3;46;S01,S02,S03,S04,S08|S05,S09|S06,S07|S10,S11,S12,S13|S14,S15
4;18/01/2024;12:00:00;"5.427.1";5;3;47;S01,S02,S03,S04,S08|S05,S09|S06,S07|S10,S11,S12,S13|S14,S15
4;18/01/2024;12:01:00;"5.427.1";5;3;48;S01,S02,S03,S04,S08|S05,S09|S06,S07|S10,S11,S12,S13|S14,S15
4;18/01/2024;12:02:00;"5.427.1";5;3;49;S01,S02,S03,S04,S08|S05,S09|S06,S07|S10,S11,S12,S13|S14,S15
4;18/01/2024;12:03:00;"5.427.1";5;4;49;S01,S02,S03,S04,S08|S05,S09|S06,S07|S10,S11,S12,S13|S14,S15
4;18/01/2024;12:04:00;"5.427.1";5;4;48;S01,S02,S03,S04,S08|S05,S09|S06,S07|S10,S11,S12,S13|S14,S15
4;18/01/2024;12:05:00;"5.427.1";5;4;48;S01,S02,S03,S04,S08|S05,S09|S06,S07|S10,S11,S12,S13|S14,S15
4;18/01/2024;12:06:00;"5.427.1";5;4;48;S01,S02,S03,S04,S08|S05,S09|S06,S07|S10,S11,S12,S13|S14,S15
4;18/01/2024;12:07:00;"5.427.1";5;3;48;S01,S02,S03,S04,S08|S05,S09|S06,S07|S10,S11,S12,S13|S14,S15
4;18/01/2024;12:08:00;"6.259.2";6;3;48;S01,S02,S03|S04,S08,S09|S05|S06,S07|S10,S11,S12,S13|S14,S15
4;18/01/2024;12:09:00;"6.259.2";6;3;46;S01,S02,S03|S04,S08,S09|S05|S06,S07|S10,S11,S12,S13|S14,S15
4;18/01/2024;12:10:00;"6.259.2";6;3;46;S01,S02,S03|S04,S08,S09|S05|S06,S07|S10,S11,S12,S13|S14,S15
4;18/01/2024;12:11:00;"6.259.2";6;3;44;S01,S02,S03|S04,S08,S09|S05|S06,S07|S10,S11,S12,S13|S14,S15
4;18/01/2024;12:12:00;"6.259.2";6;3;44;S01,S02,S03|S04,S08,S09|S05|S06,S07|S10,S11,S12,S13|S14,S15
4;18/01/2024;12:13:00;"6.259.2";6;3;46;S01,S02,S03|S04,S08,S09|S05|S06,S07|S10,S11,S12,S13|S14,S15
4;18/01/2024;12:14:00;"6.259.2";6;3;44;S01,S02,S03|S04,S08,S09|S05|S06,S07|S10,S11,S12,S13|S14,S15
4;18/01/2024;12:15:00;"6.259.2";6;3;43;S01,S02,S03|S04,S08,S09|S05|S06,S07|S10,S11,S12,S13|S14,S15
4;18/01/2024;12:16:00;"6.259.2";6;3;41;S01,S02,S03|S04,S08,S09|S05|S06,S07|S10,S11,S12,S13|S14,S15
4;18/01/2024;12:17:00;"6.259.2";6;3;40;S01,S02,S03|S04,S08,S09|S05|S06,S07|S10,S11,S12,S13|S14,S15
4;18/01/2024;12:18:00;"6.259.2";6;3;42;S01,S02,S03|S04,S08,S09|S05|S06,S07|S10,S11,S12,S13|S14,S15
4;18/01/2024;12:19:00;"6.259.2";6;3;42;S01,S02,S03|S04,S08,S09|S05|S06,S07|S10,S11,S12,S13|S14,S15
4;18/01/2024;12:20:00;"6.259.2";6;2;44;S01,S02,S03|S04,S08,S09|S05|S06,S07|S10,S11,S12,S13|S14,S15
4;18/01/2024;12:21:00;"6.259.2";6;2;45;S01,S02,S03|S04,S08,S09|S05|S06,S07|S10,S11,S12,S13|S14,S15
4;18/01/2024;12:22:00;"6.259.2";6;2;45;S01,S02,S03|S04,S08,S09|S05|S06,S07|S10,S11,S12,S13|S14,S15
4;18/01/2024;12:23:00;"6.259.2";6;2;46;S01,S02,S03|S04,S08,S09|S05|S06,S07|S10,S11,S12,S13|S14,S15
4;18/01/2024;12:23:00;"6.319.2";6;0;46;S01,S03|S05|S06,S07|S08,S09|S10,S11,S13|S14,S15
4;18/01/2024;12:24:00;"6.259.2";6;3;47;S01,S02,S03|S04,S08,S09|S05|S06,S07|S10,S11,S12,S13|S14,S15
4;18/01/2024;12:24:00;"6.319.2";6;1;47;S01,S03|S05|S06,S07|S08,S09|S10,S11,S13|S14,S15
4;18/01/2024;12:25:00;"6.259.2";6;3;48;S01,S02,S03|S04,S08,S09|S05|S06,S07|S10,S11,S12,S13|S14,S15
4;18/01/2024;12:25:00;"6.319.2";6;1;48;S01,S03|S05|S06,S07|S08,S09|S10,S11,S13|S14,S15
4;18/01/2024;12:26:00;"6.259.2";6;3;50;S01,S02,S03|S04,S08,S09|S05|S06,S07|S10,S11,S12,S13|S14,S15
4;18/01/2024;12:26:00;"6.319.2";6;2;49;S01,S03|S05|S06,S07|S08,S09|S10,S11,S13|S14,S15
4;18/01/2024;12:27:00;"6.259.2";6;3;49;S01,S02,S03|S04,S08,S09|S05|S06,S07|S10,S11,S12,S13|S14,S15
4;18/01/2024;12:27:00;"6.319.2";6;2;48;S01,S03|S05|S06,S07|S08,S09|S10,S11,S13|S14,S15
4;18/01/2024;12:28:00;"6.259.2";6;4;48;S01,S02,S03|S04,S08,S09|S05|S06,S07|S10,S11,S12,S13|S14,S15
4;18/01/2024;12:28:00;"6.319.2";6;3;47;S01,S03|S05|S06,S07|S08,S09|S10,S11,S13|S14,S15
4;18/01/2024;12:29:00;"6.259.2";6;4;46;S01,S02,S03|S04,S08,S09|S05|S06,S07|S10,S11,S12,S13|S14,S15
4;18/01/2024;12:29:00;"6.319.2";6;3;45;S01,S03|S05|S06,S07|S08,S09|S10,S11,S13|S14,S15
4;18/01/2024;12:30:00;"6.259.2";6;4;48;S01,S02,S03|S04,S08,S09|S05|S06,S07|S10,S11,S12,S13|S14,S15
4;18/01/2024;12:30:00;"6.319.2";6;3;47;S01,S03|S05|S06,S07|S08,S09|S10,S11,S13|S14,S15
4;18/01/2024;12:31:00;"6.259.2";6;4;48;S01,S02,S03|S04,S08,S09|S05|S06,S07|S10,S11,S12,S13|S14,S15
4;18/01/2024;12:31:00;"6.319.2";6;3;47;S01,S03|S05|S06,S07|S08,S09|S10,S11,S13|S14,S15
4;18/01/2024;12:32:00;"6.259.2";6;4;48;S01,S02,S03|S04,S08,S09|S05|S06,S07|S10,S11,S12,S13|S14,S15
4;18/01/2024;12:32:00;"6.319.2";6;3;46;S01,S03|S05|S06,S07|S08,S09|S10,S11,S13|S14,S15
4;18/01/2024;12:33:00;"6.259.2";6;4;52;S01,S02,S03|S04,S08,S09|S05|S06,S07|S10,S11,S12,S13|S14,S15
4;18/01/2024;12:33:00;"6.319.2";6;3;50;S01,S03|S05|S06,S07|S08,S09|S10,S11,S13|S14,S15
4;18/01/2024;12:34:00;"6.259.2";6;4;52;S01,S02,S03|S04,S08,S09|S05|S06,S07|S10,S11,S12,S13|S14,S15
4;18/01/2024;12:34:00;"6.319.2";6;3;50;S01,S03|S05|S06,S07|S08,S09|S10,S11,S13|S14,S15
4;18/01/2024;12:35:00;"6.259.2";6;4;53;S01,S02,S03|S04,S08,S09|S05|S06,S07|S10,S11,S12,S13|S14,S15
4;18/01/2024;12:35:00;"6.319.2";6;3;51;S01,S03|S05|S06,S07|S08,S09|S10,S11,S13|S14,S15
4;18/01/2024;12:36:00;"6.259.2";6;4;55;S01,S02,S03|S04,S08,S09|S05|S06,S07|S10,S11,S12,S13|S14,S15
4;18/01/2024;12:36:00;"6.319.2";6;4;53;S01,S03|S05|S06,S07|S08,S09|S10,S11,S13|S14,S15
4;18/01/2024;12:37:00;"6.259.2";6;4;56;S01,S02,S03|S04,S08,S09|S05|S06,S07|S10,S11,S12,S13|S14,S15
4;18/01/2024;12:37:00;"6.319.2";6;4;54;S01,S03|S05|S06,S07|S08,S09|S10,S11,S13|S14,S15
4;18/01/2024;12:38:00;"6.259.2";6;4;56;S01,S02,S03|S04,S08,S09|S05|S06,S07|S10,S11,S12,S13|S14,S15
4;18/01/2024;12:38:00;"6.319.2";6;4;54;S01,S03|S05|S06,S07|S08,S09|S10,S11,S13|S14,S15
4;18/01/2024;12:39:00;"6.259.2";6;4;53;S01,S02,S03|S04,S08,S09|S05|S06,S07|S10,S11,S12,S13|S14,S15
4;18/01/2024;12:39:00;"6.319.2";6;4;51;S01,S03|S05|S06,S07|S08,S09|S10,S11,S13|S14,S15
4;18/01/2024;12:40:00;"6.259.2";6;4;54;S01,S02,S03|S04,S08,S09|S05|S06,S07|S10,S11,S12,S13|S14,S15
4;18/01/2024;12:40:00;"6.319.2";6;4;52;S01,S03|S05|S06,S07|S08,S09|S10,S11,S13|S14,S15
4;18/01/2024;12:41:00;"6.259.2";6;4;54;S01,S02,S03|S04,S08,S09|S05|S06,S07|S10,S11,S12,S13|S14,S15
4;18/01/2024;12:41:00;"6.319.2";6;4;52;S01,S03|S05|S06,S07|S08,S09|S10,S11,S13|S14,S15
4;18/01/2024;12:42:00;"6.259.2";6;3;55;S01,S02,S03|S04,S08,S09|S05|S06,S07|S10,S11,S12,S13|S14,S15
4;18/01/2024;12:42:00;"6.319.2";6;3;53;S01,S03|S05|S06,S07|S08,S09|S10,S11,S13|S14,S15
4;18/01/2024;12:43:00;"6.259.2";6;2;56;S01,S02,S03|S04,S08,S09|S05|S06,S07|S10,S11,S12,S13|S14,S15
4;18/01/2024;12:43:00;"6.319.2";6;2;54;S01,S03|S05|S06,S07|S08,S09|S10,S11,S13|S14,S15
4;18/01/2024;12:44:00;"7.293.2";7;2;58;S01,S02,S03|S04,S08|S05|S06,S07|S09|S10,S11,S12,S13|S14,S15
4;18/01/2024;12:45:00;"8.152.2";8;2;59;S01,S02,S03|S04,S08|S05|S06,S07|S09|S10,S12|S11,S13|S14,S15
4;18/01/2024;12:46:00;"8.152.2";8;3;58;S01,S02,S03|S04,S08|S05|S06,S07|S09|S10,S12|S11,S13|S14,S15
4;18/01/2024;12:47:00;"8.152.2";8;3;58;S01,S02,S03|S04,S08|S05|S06,S07|S09|S10,S12|S11,S13|S14,S15
4;18/01/2024;12:48:00;"8.152.2";8;3;59;S01,S02,S03|S04,S08|S05|S06,S07|S09|S10,S12|S11,S13|S14,S15
4;18/01/2024;12:49:00;"8.152.2";8;3;60;S01,S02,S03|S04,S08|S05|S06,S07|S09|S10,S12|S11,S13|S14,S15
4;18/01/2024;12:50:00;"8.152.2";8;3;60;S01,S02,S03|S04,S08|S05|S06,S07|S09|S10,S12|S11,S13|S14,S15
4;18/01/2024;12:51:00;"8.152.2";8;3;61;S01,S02,S03|S04,S08|S05|S06,S07|S09|S10,S12|S11,S13|S14,S15
4;18/01/2024;12:52:00;"8.152.2";8;3;61;S01,S02,S03|S04,S08|S05|S06,S07|S09|S10,S12|S11,S13|S14,S15
4;18/01/2024;12:53:00;"8.152.2";8;3;62;S01,S02,S03|S04,S08|S05|S06,S07|S09|S10,S12|S11,S13|S14,S15
4;18/01/2024;12:54:00;"8.152.2";8;3;65;S01,S02,S03|S04,S08|S05|S06,S07|S09|S10,S12|S11,S13|S14,S15
4;18/01/2024;12:55:00;"8.152.2";8;3;65;S01,S02,S03|S04,S08|S05|S06,S07|S09|S10,S12|S11,S13|S14,S15
4;18/01/2024;12:56:00;"8.152.2";8;3;67;S01,S02,S03|S04,S08|S05|S06,S07|S09|S10,S12|S11,S13|S14,S15
4;18/01/2024;12:57:00;"8.152.2";8;3;66;S01,S02,S03|S04,S08|S05|S06,S07|S09|S10,S12|S11,S13|S14,S15
4;18/01/2024;12:58:00;"8.152.2";8;3;65;S01,S02,S03|S04,S08|S05|S06,S07|S09|S10,S12|S11,S13|S14,S15
4;18/01/2024;12:59:00;"8.152.2";8;3;69;S01,S02,S03|S04,S08|S05|S06,S07|S09|S10,S12|S11,S13|S14,S15
4;18/01/2024;13:00:00;"8.152.2";8;3;70;S01,S02,S03|S04,S08|S05|S06,S07|S09|S10,S12|S11,S13|S14,S15
4;18/01/2024;13:01:00;"8.152.2";8;3;71;S01,S02,S03|S04,S08|S05|S06,S07|S09|S10,S12|S11,S13|S14,S15
4;18/01/2024;13:02:00;"8.152.2";8;4;72;S01,S02,S03|S04,S08|S05|S06,S07|S09|S10,S12|S11,S13|S14,S15
4;18/01/2024;13:03:00;"8.152.2";8;5;73;S01,S02,S03|S04,S08|S05|S06,S07|S09|S10,S12|S11,S13|S14,S15
4;18/01/2024;13:04:00;"8.152.2";8;5;71;S01,S02,S03|S04,S08|S05|S06,S07|S09|S10,S12|S11,S13|S14,S15
4;18/01/2024;13:05:00;"8.152.2";8;5;70;S01,S02,S03|S04,S08|S05|S06,S07|S09|S10,S12|S11,S13|S14,S15
4;18/01/2024;13:06:00;"8.152.2";8;5;70;S01,S02,S03|S04,S08|S05|S06,S07|S09|S10,S12|S11,S13|S14,S15
4;18/01/2024;13:07:00;"8.152.2";8;5;69;S01,S02,S03|S04,S08|S05|S06,S07|S09|S10,S12|S11,S13|S14,S15
4;18/01/2024;13:08:00;"8.152.2";8;5;69;S01,S02,S03|S04,S08|S05|S06,S07|S09|S10,S12|S11,S13|S14,S15
4;18/01/2024;13:09:00;"8.152.2";8;5;68;S01,S02,S03|S04,S08|S05|S06,S07|S09|S10,S12|S11,S13|S14,S15
4;18/01/2024;13:10:00;"8.152.2";8;3;68;S01,S02,S03|S04,S08|S05|S06,S07|S09|S10,S12|S11,S13|S14,S15
4;18/01/2024;13:11:00;"8.152.2";8;3;64;S01,S02,S03|S04,S08|S05|S06,S07|S09|S10,S12|S11,S13|S14,S15
4;18/01/2024;13:12:00;"9.31.2";9;3;64;S01,S02,S03|S04,S08|S05|S06,S07|S09|S10,S12|S11|S13,S14|S15
4;18/01/2024;13:13:00;"9.31.2";9;3;64;S01,S02,S03|S04,S08|S05|S06,S07|S09|S10,S12|S11|S13,S14|S15
4;18/01/2024;13:14:00;"9.31.2";9;4;65;S01,S02,S03|S04,S08|S05|S06,S07|S09|S10,S12|S11|S13,S14|S15
4;18/01/2024;13:15:00;"9.31.2";9;4;64;S01,S02,S03|S04,S08|S05|S06,S07|S09|S10,S12|S11|S13,S14|S15
4;18/01/2024;13:16:00;"9.31.2";9;4;65;S01,S02,S03|S04,S08|S05|S06,S07|S09|S10,S12|S11|S13,S14|S15
4;18/01/2024;13:17:00;"9.31.2";9;4;66;S01,S02,S03|S04,S08|S05|S06,S07|S09|S10,S12|S11|S13,S14|S15
4;18/01/2024;13:18:00;"8.153.2";8;3;65;S01,S02,S03|S04,S08,S09|S05|S06,S07|S10,S12|S11|S13,S14|S15
4;18/01/2024;13:19:00;"8.153.2";8;3;66;S01,S02,S03|S04,S08,S09|S05|S06,S07|S10,S12|S11|S13,S14|S15
4;18/01/2024;13:20:00;"8.153.2";8;5;64;S01,S02,S03|S04,S08,S09|S05|S06,S07|S10,S12|S11|S13,S14|S15
4;18/01/2024;13:21:00;"8.153.2";8;5;63;S01,S02,S03|S04,S08,S09|S05|S06,S07|S10,S12|S11|S13,S14|S15
4;18/01/2024;13:22:00;"8.153.2";8;5;62;S01,S02,S03|S04,S08,S09|S05|S06,S07|S10,S12|S11|S13,S14|S15
4;18/01/2024;13:23:00;"7.220.2";7;5;63;S01,S02,S03|S04,S08,S09|S05|S06,S07|S10,S12|S11,S13|S14,S15
4;18/01/2024;13:24:00;"7.220.2";7;5;62;S01,S02,S03|S04,S08,S09|S05|S06,S07|S10,S12|S11,S13|S14,S15
4;18/01/2024;13:25:00;"7.220.2";7;5;64;S01,S02,S03|S04,S08,S09|S05|S06,S07|S10,S12|S11,S13|S14,S15
4;18/01/2024;13:26:00;"7.220.2";7;5;65;S01,S02,S03|S04,S08,S09|S05|S06,S07|S10,S12|S11,S13|S14,S15
4;18/01/2024;13:27:00;"7.220.2";7;5;64;S01,S02,S03|S04,S08,S09|S05|S06,S07|S10,S12|S11,S13|S14,S15
4;18/01/2024;13:28:00;"7.220.2";7;5;66;S01,S02,S03|S04,S08,S09|S05|S06,S07|S10,S12|S11,S13|S14,S15
4;18/01/2024;13:29:00;"7.220.2";7;5;66;S01,S02,S03|S04,S08,S09|S05|S06,S07|S10,S12|S11,S13|S14,S15
4;18/01/2024;13:30:00;"7.220.2";7;5;64;S01,S02,S03|S04,S08,S09|S05|S06,S07|S10,S12|S11,S13|S14,S15
4;18/01/2024;13:31:00;"7.220.2";7;5;63;S01,S02,S03|S04,S08,S09|S05|S06,S07|S10,S12|S11,S13|S14,S15
4;18/01/2024;13:32:00;"7.220.2";7;5;61;S01,S02,S03|S04,S08,S09|S05|S06,S07|S10,S12|S11,S13|S14,S15
4;18/01/2024;13:33:00;"7.220.2";7;5;63;S01,S02,S03|S04,S08,S09|S05|S06,S07|S10,S12|S11,S13|S14,S15
4;18/01/2024;13:34:00;"7.220.2";7;5;61;S01,S02,S03|S04,S08,S09|S05|S06,S07|S10,S12|S11,S13|S14,S15
4;18/01/2024;13:35:00;"7.220.2";7;5;62;S01,S02,S03|S04,S08,S09|S05|S06,S07|S10,S12|S11,S13|S14,S15
4;18/01/2024;13:36:00;"7.220.2";7;5;62;S01,S02,S03|S04,S08,S09|S05|S06,S07|S10,S12|S11,S13|S14,S15
4;18/01/2024;13:37:00;"7.220.2";7;5;61;S01,S02,S03|S04,S08,S09|S05|S06,S07|S10,S12|S11,S13|S14,S15
4;18/01/2024;13:38:00;"7.220.2";7;5;61;S01,S02,S03|S04,S08,S09|S05|S06,S07|S10,S12|S11,S13|S14,S15
4;18/01/2024;13:39:00;"7.220.2";7;5;61;S01,S02,S03|S04,S08,S09|S05|S06,S07|S10,S12|S11,S13|S14,S15
4;18/01/2024;13:40:00;"7.220.2";7;5;62;S01,S02,S03|S04,S08,S09|S05|S06,S07|S10,S12|S11,S13|S14,S15
4;18/01/2024;13:41:00;"7.220.2";7;5;62;S01,S02,S03|S04,S08,S09|S05|S06,S07|S10,S12|S11,S13|S14,S15
4;18/01/2024;13:42:00;"7.220.2";7;5;60;S01,S02,S03|S04,S08,S09|S05|S06,S07|S10,S12|S11,S13|S14,S15
4;18/01/2024;13:43:00;"7.220.2";7;5;60;S01,S02,S03|S04,S08,S09|S05|S06,S07|S10,S12|S11,S13|S14,S15
4;18/01/2024;13:44:00;"7.220.2";7;5;60;S01,S02,S03|S04,S08,S09|S05|S06,S07|S10,S12|S11,S13|S14,S15
4;18/01/2024;13:45:00;"7.220.2";7;5;61;S01,S02,S03|S04,S08,S09|S05|S06,S07|S10,S12|S11,S13|S14,S15
4;18/01/2024;13:46:00;"7.220.2";7;5;62;S01,S02,S03|S04,S08,S09|S05|S06,S07|S10,S12|S11,S13|S14,S15
4;18/01/2024;13:47:00;"7.220.2";7;5;60;S01,S02,S03|S04,S08,S09|S05|S06,S07|S10,S12|S11,S13|S14,S15
4;18/01/2024;13:48:00;"6.259.2";6;5;58;S01,S02,S03|S04,S08,S09|S05|S06,S07|S10,S11,S12,S13|S14,S15
4;18/01/2024;13:49:00;"6.259.2";6;5;59;S01,S02,S03|S04,S08,S09|S05|S06,S07|S10,S11,S12,S13|S14,S15
4;18/01/2024;13:50:00;"6.259.2";6;4;57;S01,S02,S03|S04,S08,S09|S05|S06,S07|S10,S11,S12,S13|S14,S15
4;18/01/2024;13:51:00;"6.259.2";6;4;58;S01,S02,S03|S04,S08,S09|S05|S06,S07|S10,S11,S12,S13|S14,S15
4;18/01/2024;13:52:00;"7.255.2";7;4;58;S01,S02,S03|S04,S08,S09|S05|S06|S07|S10,S11,S12,S13|S14,S15
4;18/01/2024;13:53:00;"7.255.2";7;4;59;S01,S02,S03|S04,S08,S09|S05|S06|S07|S10,S11,S12,S13|S14,S15
4;18/01/2024;13:54:00;"7.255.2";7;4;55;S01,S02,S03|S04,S08,S09|S05|S06|S07|S10,S11,S12,S13|S14,S15
4;18/01/2024;13:55:00;"7.255.2";7;4;54;S01,S02,S03|S04,S08,S09|S05|S06|S07|S10,S11,S12,S13|S14,S15
4;18/01/2024;13:56:00;"7.255.2";7;4;55;S01,S02,S03|S04,S08,S09|S05|S06|S07|S10,S11,S12,S13|S14,S15
4;18/01/2024;13:57:00;"7.255.2";7;4;54;S01,S02,S03|S04,S08,S09|S05|S06|S07|S10,S11,S12,S13|S14,S15
4;18/01/2024;13:58:00;"7.255.2";7;4;54;S01,S02,S03|S04,S08,S09|S05|S06|S07|S10,S11,S12,S13|S14,S15
4;18/01/2024;13:59:00;"7.255.2";7;4;53;S01,S02,S03|S04,S08,S09|S05|S06|S07|S10,S11,S12,S13|S14,S15
4;18/01/2024;14:00:00;"7.255.2";7;4;54;S01,S02,S03|S04,S08,S09|S05|S06|S07|S10,S11,S12,S13|S14,S15
4;18/01/2024;14:01:00;"7.255.2";7;4;52;S01,S02,S03|S04,S08,S09|S05|S06|S07|S10,S11,S12,S13|S14,S15
4;18/01/2024;14:02:00;"7.255.2";7;4;53;S01,S02,S03|S04,S08,S09|S05|S06|S07|S10,S11,S12,S13|S14,S15
4;18/01/2024;14:03:00;"7.255.2";7;4;53;S01,S02,S03|S04,S08,S09|S05|S06|S07|S10,S11,S12,S13|S14,S15
4;18/01/2024;14:04:00;"7.255.2";7;4;53;S01,S02,S03|S04,S08,S09|S05|S06|S07|S10,S11,S12,S13|S14,S15
4;18/01/2024;14:05:00;"7.255.2";7;4;52;S01,S02,S03|S04,S08,S09|S05|S06|S07|S10,S11,S12,S13|S14,S15
4;18/01/2024;14:06:00;"7.255.2";7;4;55;S01,S02,S03|S04,S08,S09|S05|S06|S07|S10,S11,S12,S13|S14,S15
4;18/01/2024;14:07:00;"7.255.2";7;4;53;S01,S02,S03|S04,S08,S09|S05|S06|S07|S10,S11,S12,S13|S14,S15
4;18/01/2024;14:08:00;"7.255.2";7;4;53;S01,S02,S03|S04,S08,S09|S05|S06|S07|S10,S11,S12,S13|S14,S15
4;18/01/2024;14:09:00;"7.255.2";7;4;56;S01,S02,S03|S04,S08,S09|S05|S06|S07|S10,S11,S12,S13|S14,S15
4;18/01/2024;14:10:00;"7.255.2";7;4;56;S01,S02,S03|S04,S08,S09|S05|S06|S07|S10,S11,S12,S13|S14,S15
4;18/01/2024;14:11:00;"7.255.2";7;4;55;S01,S02,S03|S04,S08,S09|S05|S06|S07|S10,S11,S12,S13|S14,S15
4;18/01/2024;14:12:00;"7.255.2";7;4;55;S01,S02,S03|S04,S08,S09|S05|S06|S07|S10,S11,S12,S13|S14,S15
4;18/01/2024;14:13:00;"7.255.2";7;4;55;S01,S02,S03|S04,S08,S09|S05|S06|S07|S10,S11,S12,S13|S14,S15
4;18/01/2024;14:14:00;"7.255.2";7;4;55;S01,S02,S03|S04,S08,S09|S05|S06|S07|S10,S11,S12,S13|S14,S15
4;18/01/2024;14:15:00;"7.255.2";7;3;55;S01,S02,S03|S04,S08,S09|S05|S06|S07|S10,S11,S12,S13|S14,S15
4;18/01/2024;14:16:00;"7.255.2";7;3;55;S01,S02,S03|S04,S08,S09|S05|S06|S07|S10,S11,S12,S13|S14,S15
4;18/01/2024;14:17:00;"7.255.2";7;3;55;S01,S02,S03|S04,S08,S09|S05|S06|S07|S10,S11,S12,S13|S14,S15
4;18/01/2024;14:18:00;"7.255.2";7;2;54;S01,S02,S03|S04,S08,S09|S05|S06|S07|S10,S11,S12,S13|S14,S15
4;18/01/2024;14:19:00;"7.255.2";7;2;55;S01,S02,S03|S04,S08,S09|S05|S06|S07|S10,S11,S12,S13|S14,S15
4;18/01/2024;14:20:00;"7.255.2";7;2;56;S01,S02,S03|S04,S08,S09|S05|S06|S07|S10,S11,S12,S13|S14,S15
4;18/01/2024;14:21:00;"7.255.2";7;2;55;S01,S02,S03|S04,S08,S09|S05|S06|S07|S10,S11,S12,S13|S14,S15
4;18/01/2024;14:22:00;"7.255.2";7;2;55;S01,S02,S03|S04,S08,S09|S05|S06|S07|S10,S11,S12,S13|S14,S15
4;18/01/2024;14:23:00;"7.255.2";7;2;55;S01,S02,S03|S04,S08,S09|S05|S06|S07|S10,S11,S12,S13|S14,S15
4;18/01/2024;14:24:00;"7.255.2";7;2;53;S01,S02,S03|S04,S08,S09|S05|S06|S07|S10,S11,S12,S13|S14,S15
4;18/01/2024;14:25:00;"7.255.2";7;2;54;S01,S02,S03|S04,S08,S09|S05|S06|S07|S10,S11,S12,S13|S14,S15
4;18/01/2024;14:26:00;"7.255.2";7;2;53;S01,S02,S03|S04,S08,S09|S05|S06|S07|S10,S11,S12,S13|S14,S15
4;18/01/2024;14:27:00;"7.255.2";7;2;53;S01,S02,S03|S04,S08,S09|S05|S06|S07|S10,S11,S12,S13|S14,S15
4;18/01/2024;14:28:00;"7.255.2";7;2;54;S01,S02,S03|S04,S08,S09|S05|S06|S07|S10,S11,S12,S13|S14,S15
4;18/01/2024;14:29:00;"7.255.2";7;2;51;S01,S02,S03|S04,S08,S09|S05|S06|S07|S10,S11,S12,S13|S14,S15
4;18/01/2024;14:30:00;"7.255.2";7;1;50;S01,S02,S03|S04,S08,S09|S05|S06|S07|S10,S11,S12,S13|S14,S15
4;18/01/2024;14:31:00;"7.255.2";7;1;50;S01,S02,S03|S04,S08,S09|S05|S06|S07|S10,S11,S12,S13|S14,S15
4;18/01/2024;14:32:00;"7.255.2";7;1;51;S01,S02,S03|S04,S08,S09|S05|S06|S07|S10,S11,S12,S13|S14,S15
4;18/01/2024;14:33:00;"6.259.2";6;2;54;S01,S02,S03|S04,S08,S09|S05|S06,S07|S10,S11,S12,S13|S14,S15
4;18/01/2024;14:34:00;"6.259.2";6;2;53;S01,S02,S03|S04,S08,S09|S05|S06,S07|S10,S11,S12,S13|S14,S15
4;18/01/2024;14:35:00;"6.259.2";6;2;52;S01,S02,S03|S04,S08,S09|S05|S06,S07|S10,S11,S12,S13|S14,S15
4;18/01/2024;14:36:00;"6.259.2";6;2;52;S01,S02,S03|S04,S08,S09|S05|S06,S07|S10,S11,S12,S13|S14,S15
4;18/01/2024;14:37:00;"6.259.2";6;2;51;S01,S02,S03|S04,S08,S09|S05|S06,S07|S10,S11,S12,S13|S14,S15
4;18/01/2024;14:38:00;"6.259.2";6;2;52;S01,S02,S03|S04,S08,S09|S05|S06,S07|S10,S11,S12,S13|S14,S15
4;18/01/2024;14:39:00;"6.259.2";6;2;51;S01,S02,S03|S04,S08,S09|S05|S06,S07|S10,S11,S12,S13|S14,S15
4;18/01/2024;14:40:00;"6.259.2";6;2;51;S01,S02,S03|S04,S08,S09|S05|S06,S07|S10,S11,S12,S13|S14,S15
4;18/01/2024;14:41:00;"6.259.2";6;2;51;S01,S02,S03|S04,S08,S09|S05|S06,S07|S10,S11,S12,S13|S14,S15
4;18/01/2024;14:42:00;"6.259.2";6;2;52;S01,S02,S03|S04,S08,S09|S05|S06,S07|S10,S11,S12,S13|S14,S15
4;18/01/2024;14:43:00;"6.259.2";6;2;52;S01,S02,S03|S04,S08,S09|S05|S06,S07|S10,S11,S12,S13|S14,S15
4;18/01/2024;14:44:00;"6.259.2";6;2;49;S01,S02,S03|S04,S08,S09|S05|S06,S07|S10,S11,S12,S13|S14,S15
4;18/01/2024;14:45:00;"6.259.2";6;2;48;S01,S02,S03|S04,S08,S09|S05|S06,S07|S10,S11,S12,S13|S14,S15
4;18/01/2024;14:46:00;"6.259.2";6;2;48;S01,S02,S03|S04,S08,S09|S05|S06,S07|S10,S11,S12,S13|S14,S15
4;18/01/2024;14:47:00;"6.259.2";6;2;47;S01,S02,S03|S04,S08,S09|S05|S06,S07|S10,S11,S12,S13|S14,S15
4;18/01/2024;14:48:00;"6.259.2";6;2;47;S01,S02,S03|S04,S08,S09|S05|S06,S07|S10,S11,S12,S13|S14,S15
4;18/01/2024;14:49:00;"6.259.2";6;2;46;S01,S02,S03|S04,S08,S09|S05|S06,S07|S10,S11,S12,S13|S14,S15
4;18/01/2024;14:50:00;"6.259.2";6;2;45;S01,S02,S03|S04,S08,S09|S05|S06,S07|S10,S11,S12,S13|S14,S15
4;18/01/2024;14:51:00;"6.259.2";6;2;47;S01,S02,S03|S04,S08,S09|S05|S06,S07|S10,S11,S12,S13|S14,S15
4;18/01/2024;14:52:00;"6.259.2";6;2;48;S01,S02,S03|S04,S08,S09|S05|S06,S07|S10,S11,S12,S13|S14,S15
4;18/01/2024;14:53:00;"6.259.2";6;2;49;S01,S02,S03|S04,S08,S09|S05|S06,S07|S10,S11,S12,S13|S14,S15
4;18/01/2024;14:54:00;"6.259.2";6;2;49;S01,S02,S03|S04,S08,S09|S05|S06,S07|S10,S11,S12,S13|S14,S15
4;18/01/2024;14:55:00;"6.259.2";6;2;49;S01,S02,S03|S04,S08,S09|S05|S06,S07|S10,S11,S12,S13|S14,S15
4;18/01/2024;14:56:00;"6.259.2";6;2;49;S01,S02,S03|S04,S08,S09|S05|S06,S07|S10,S11,S12,S13|S14,S15
4;18/01/2024;14:57:00;"6.259.2";6;2;48;S01,S02,S03|S04,S08,S09|S05|S06,S07|S10,S11,S12,S13|S14,S15
4;18/01/2024;14:58:00;"6.259.2";6;1;46;S01,S02,S03|S04,S08,S09|S05|S06,S07|S10,S11,S12,S13|S14,S15
4;18/01/2024;14:59:00;"6.259.2";6;1;45;S01,S02,S03|S04,S08,S09|S05|S06,S07|S10,S11,S12,S13|S14,S15
4;18/01/2024;15:00:00;"6.259.2";6;1;47;S01,S02,S03|S04,S08,S09|S05|S06,S07|S10,S11,S12,S13|S14,S15
4;18/01/2024;15:01:00;"6.259.2";6;1;48;S01,S02,S03|S04,S08,S09|S05|S06,S07|S10,S11,S12,S13|S14,S15
4;18/01/2024;15:02:00;"6.259.2";6;1;49;S01,S02,S03|S04,S08,S09|S05|S06,S07|S10,S11,S12,S13|S14,S15
4;18/01/2024;15:03:00;"6.259.2";6;1;47;S01,S02,S03|S04,S08,S09|S05|S06,S07|S10,S11,S12,S13|S14,S15
4;18/01/2024;15:04:00;"6.259.2";6;1;48;S01,S02,S03|S04,S08,S09|S05|S06,S07|S10,S11,S12,S13|S14,S15
4;18/01/2024;15:05:00;"6.259.2";6;1;47;S01,S02,S03|S04,S08,S09|S05|S06,S07|S10,S11,S12,S13|S14,S15
4;18/01/2024;15:06:00;"6.259.2";6;1;46;S01,S02,S03|S04,S08,S09|S05|S06,S07|S10,S11,S12,S13|S14,S15
4;18/01/2024;15:07:00;"6.259.2";6;1;44;S01,S02,S03|S04,S08,S09|S05|S06,S07|S10,S11,S12,S13|S14,S15
4;18/01/2024;15:08:00;"6.259.2";6;1;47;S01,S02,S03|S04,S08,S09|S05|S06,S07|S10,S11,S12,S13|S14,S15
4;18/01/2024;15:09:00;"6.259.2";6;1;46;S01,S02,S03|S04,S08,S09|S05|S06,S07|S10,S11,S12,S13|S14,S15
4;18/01/2024;15:10:00;"6.259.2";6;0;45;S01,S02,S03|S04,S08,S09|S05|S06,S07|S10,S11,S12,S13|S14,S15
4;18/01/2024;15:11:00;"6.259.2";6;0;46;S01,S02,S03|S04,S08,S09|S05|S06,S07|S10,S11,S12,S13|S14,S15
4;18/01/2024;15:12:00;"6.259.2";6;0;44;S01,S02,S03|S04,S08,S09|S05|S06,S07|S10,S11,S12,S13|S14,S15
4;18/01/2024;15:13:00;"6.259.2";6;0;44;S01,S02,S03|S04,S08,S09|S05|S06,S07|S10,S11,S12,S13|S14,S15
4;18/01/2024;15:14:00;"6.259.2";6;0;47;S01,S02,S03|S04,S08,S09|S05|S06,S07|S10,S11,S12,S13|S14,S15
4;18/01/2024;15:15:00;"6.259.2";6;0;46;S01,S02,S03|S04,S08,S09|S05|S06,S07|S10,S11,S12,S13|S14,S15
4;18/01/2024;15:16:00;"6.259.2";6;0;46;S01,S02,S03|S04,S08,S09|S05|S06,S07|S10,S11,S12,S13|S14,S15
4;18/01/2024;15:17:00;"6.259.2";6;0;47;S01,S02,S03|S04,S08,S09|S05|S06,S07|S10,S11,S12,S13|S14,S15
4;18/01/2024;15:18:00;"6.259.2";6;0;47;S01,S02,S03|S04,S08,S09|S05|S06,S07|S10,S11,S12,S13|S14,S15
4;18/01/2024;15:19:00;"6.259.2";6;1;45;S01,S02,S03|S04,S08,S09|S05|S06,S07|S10,S11,S12,S13|S14,S15
4;18/01/2024;15:20:00;"6.259.2";6;0;45;S01,S02,S03|S04,S08,S09|S05|S06,S07|S10,S11,S12,S13|S14,S15
4;18/01/2024;15:21:00;"6.259.2";6;0;46;S01,S02,S03|S04,S08,S09|S05|S06,S07|S10,S11,S12,S13|S14,S15
4;18/01/2024;15:22:00;"6.259.2";6;0;47;S01,S02,S03|S04,S08,S09|S05|S06,S07|S10,S11,S12,S13|S14,S15
4;18/01/2024;15:23:00;"6.259.2";6;0;46;S01,S02,S03|S04,S08,S09|S05|S06,S07|S10,S11,S12,S13|S14,S15
4;18/01/2024;15:24:00;"6.259.2";6;0;47;S01,S02,S03|S04,S08,S09|S05|S06,S07|S10,S11,S12,S13|S14,S15
4;18/01/2024;15:25:00;"6.259.2";6;0;48;S01,S02,S03|S04,S08,S09|S05|S06,S07|S10,S11,S12,S13|S14,S15
4;18/01/2024;15:26:00;"6.259.2";6;0;49;S01,S02,S03|S04,S08,S09|S05|S06,S07|S10,S11,S12,S13|S14,S15
4;18/01/2024;15:27:00;"6.259.2";6;1;49;S01,S02,S03|S04,S08,S09|S05|S06,S07|S10,S11,S12,S13|S14,S15
4;18/01/2024;15:28:00;"6.259.2";6;3;49;S01,S02,S03|S04,S08,S09|S05|S06,S07|S10,S11,S12,S13|S14,S15
4;18/01/2024;15:29:00;"6.259.2";6;3;51;S01,S02,S03|S04,S08,S09|S05|S06,S07|S10,S11,S12,S13|S14,S15
4;18/01/2024;15:30:00;"6.259.2";6;3;51;S01,S02,S03|S04,S08,S09|S05|S06,S07|S10,S11,S12,S13|S14,S15
4;18/01/2024;15:31:00;"6.259.2";6;4;51;S01,S02,S03|S04,S08,S09|S05|S06,S07|S10,S11,S12,S13|S14,S15
4;18/01/2024;15:32:00;"6.259.2";6;5;52;S01,S02,S03|S04,S08,S09|S05|S06,S07|S10,S11,S12,S13|S14,S15
4;18/01/2024;15:33:00;"6.259.2";6;5;56;S01,S02,S03|S04,S08,S09|S05|S06,S07|S10,S11,S12,S13|S14,S15
4;18/01/2024;15:34:00;"6.259.2";6;4;54;S01,S02,S03|S04,S08,S09|S05|S06,S07|S10,S11,S12,S13|S14,S15
4;18/01/2024;15:35:00;"6.259.2";6;4;53;S01,S02,S03|S04,S08,S09|S05|S06,S07|S10,S11,S12,S13|S14,S15
4;18/01/2024;15:36:00;"6.259.2";6;4;51;S01,S02,S03|S04,S08,S09|S05|S06,S07|S10,S11,S12,S13|S14,S15
4;18/01/2024;15:37:00;"6.259.2";6;4;51;S01,S02,S03|S04,S08,S09|S05|S06,S07|S10,S11,S12,S13|S14,S15
4;18/01/2024;15:38:00;"6.259.2";6;4;50;S01,S02,S03|S04,S08,S09|S05|S06,S07|S10,S11,S12,S13|S14,S15
4;18/01/2024;15:39:00;"6.259.2";6;4;51;S01,S02,S03|S04,S08,S09|S05|S06,S07|S10,S11,S12,S13|S14,S15
4;18/01/2024;15:40:00;"6.259.2";6;4;52;S01,S02,S03|S04,S08,S09|S05|S06,S07|S10,S11,S12,S13|S14,S15
4;18/01/2024;15:41:00;"6.259.2";6;4;49;S01,S02,S03|S04,S08,S09|S05|S06,S07|S10,S11,S12,S13|S14,S15
4;18/01/2024;15:42:00;"6.259.2";6;4;48;S01,S02,S03|S04,S08,S09|S05|S06,S07|S10,S11,S12,S13|S14,S15
4;18/01/2024;15:43:00;"6.259.2";6;4;49;S01,S02,S03|S04,S08,S09|S05|S06,S07|S10,S11,S12,S13|S14,S15
4;18/01/2024;15:44:00;"6.259.2";6;4;49;S01,S02,S03|S04,S08,S09|S05|S06,S07|S10,S11,S12,S13|S14,S15
4;18/01/2024;15:45:00;"6.259.2";6;4;51;S01,S02,S03|S04,S08,S09|S05|S06,S07|S10,S11,S12,S13|S14,S15
4;18/01/2024;15:46:00;"6.259.2";6;4;50;S01,S02,S03|S04,S08,S09|S05|S06,S07|S10,S11,S12,S13|S14,S15
4;18/01/2024;15:47:00;"6.259.2";6;4;50;S01,S02,S03|S04,S08,S09|S05|S06,S07|S10,S11,S12,S13|S14,S15
4;18/01/2024;15:48:00;"6.259.2";6;4;50;S01,S02,S03|S04,S08,S09|S05|S06,S07|S10,S11,S12,S13|S14,S15
4;18/01/2024;15:49:00;"6.259.2";6;4;50;S01,S02,S03|S04,S08,S09|S05|S06,S07|S10,S11,S12,S13|S14,S15
4;18/01/2024;15:50:00;"6.259.2";6;4;49;S01,S02,S03|S04,S08,S09|S05|S06,S07|S10,S11,S12,S13|S14,S15
4;18/01/2024;15:51:00;"6.259.2";6;4;49;S01,S02,S03|S04,S08,S09|S05|S06,S07|S10,S11,S12,S13|S14,S15
4;18/01/2024;15:52:00;"6.259.2";6;4;48;S01,S02,S03|S04,S08,S09|S05|S06,S07|S10,S11,S12,S13|S14,S15
4;18/01/2024;15:53:00;"6.259.2";6;4;49;S01,S02,S03|S04,S08,S09|S05|S06,S07|S10,S11,S12,S13|S14,S15
4;18/01/2024;15:54:00;"6.259.2";6;4;49;S01,S02,S03|S04,S08,S09|S05|S06,S07|S10,S11,S12,S13|S14,S15
4;18/01/2024;15:55:00;"6.259.2";6;4;46;S01,S02,S03|S04,S08,S09|S05|S06,S07|S10,S11,S12,S13|S14,S15
4;18/01/2024;15:56:00;"6.259.2";6;4;46;S01,S02,S03|S04,S08,S09|S05|S06,S07|S10,S11,S12,S13|S14,S15
4;18/01/2024;15:57:00;"6.259.2";6;4;47;S01,S02,S03|S04,S08,S09|S05|S06,S07|S10,S11,S12,S13|S14,S15
4;18/01/2024;15:58:00;"6.259.2";6;4;49;S01,S02,S03|S04,S08,S09|S05|S06,S07|S10,S11,S12,S13|S14,S15
4;18/01/2024;15:59:00;"6.259.2";6;5;47;S01,S02,S03|S04,S08,S09|S05|S06,S07|S10,S11,S12,S13|S14,S15
4;18/01/2024;16:00:00;"6.259.2";6;5;47;S01,S02,S03|S04,S08,S09|S05|S06,S07|S10,S11,S12,S13|S14,S15
4;18/01/2024;16:01:00;"6.259.2";6;6;47;S01,S02,S03|S04,S08,S09|S05|S06,S07|S10,S11,S12,S13|S14,S15
4;18/01/2024;16:02:00;"6.259.2";6;6;47;S01,S02,S03|S04,S08,S09|S05|S06,S07|S10,S11,S12,S13|S14,S15
4;18/01/2024;16:03:00;"6.259.2";6;6;47;S01,S02,S03|S04,S08,S09|S05|S06,S07|S10,S11,S12,S13|S14,S15
4;18/01/2024;16:04:00;"6.259.2";6;6;50;S01,S02,S03|S04,S08,S09|S05|S06,S07|S10,S11,S12,S13|S14,S15
4;18/01/2024;16:05:00;"6.259.2";6;6;50;S01,S02,S03|S04,S08,S09|S05|S06,S07|S10,S11,S12,S13|S14,S15
4;18/01/2024;16:06:00;"6.259.2";6;6;50;S01,S02,S03|S04,S08,S09|S05|S06,S07|S10,S11,S12,S13|S14,S15
4;18/01/2024;16:07:00;"6.259.2";6;5;51;S01,S02,S03|S04,S08,S09|S05|S06,S07|S10,S11,S12,S13|S14,S15
4;18/01/2024;16:08:00;"6.259.2";6;5;52;S01,S02,S03|S04,S08,S09|S05|S06,S07|S10,S11,S12,S13|S14,S15
4;18/01/2024;16:09:00;"6.259.2";6;5;53;S01,S02,S03|S04,S08,S09|S05|S06,S07|S10,S11,S12,S13|S14,S15
4;18/01/2024;16:10:00;"6.259.2";6;5;52;S01,S02,S03|S04,S08,S09|S05|S06,S07|S10,S11,S12,S13|S14,S15
4;18/01/2024;16:11:00;"6.259.2";6;5;51;S01,S02,S03|S04,S08,S09|S05|S06,S07|S10,S11,S12,S13|S14,S15
4;18/01/2024;16:12:00;"6.259.2";6;5;49;S01,S02,S03|S04,S08,S09|S05|S06,S07|S10,S11,S12,S13|S14,S15
4;18/01/2024;16:13:00;"6.259.2";6;5;49;S01,S02,S03|S04,S08,S09|S05|S06,S07|S10,S11,S12,S13|S14,S15
4;18/01/2024;16:14:00;"6.259.2";6;5;50;S01,S02,S03|S04,S08,S09|S05|S06,S07|S10,S11,S12,S13|S14,S15
4;18/01/2024;16:15:00;"6.259.2";6;5;50;S01,S02,S03|S04,S08,S09|S05|S06,S07|S10,S11,S12,S13|S14,S15
4;18/01/2024;16:16:00;"6.259.2";6;5;52;S01,S02,S03|S04,S08,S09|S05|S06,S07|S10,S11,S12,S13|S14,S15
4;18/01/2024;16:17:00;"6.259.2";6;5;52;S01,S02,S03|S04,S08,S09|S05|S06,S07|S10,S11,S12,S13|S14,S15
4;18/01/2024;16:18:00;"6.259.2";6;5;54;S01,S02,S03|S04,S08,S09|S05|S06,S07|S10,S11,S12,S13|S14,S15
4;18/01/2024;16:19:00;"6.259.2";6;5;56;S01,S02,S03|S04,S08,S09|S05|S06,S07|S10,S11,S12,S13|S14,S15
4;18/01/2024;16:20:00;"6.259.2";6;5;57;S01,S02,S03|S04,S08,S09|S05|S06,S07|S10,S11,S12,S13|S14,S15
4;18/01/2024;16:21:00;"6.259.2";6;5;59;S01,S02,S03|S04,S08,S09|S05|S06,S07|S10,S11,S12,S13|S14,S15
4;18/01/2024;16:22:00;"6.259.2";6;5;59;S01,S02,S03|S04,S08,S09|S05|S06,S07|S10,S11,S12,S13|S14,S15
week;day;time;config id;QTD_CTR;QTD_ASS;MOV;SECT_CONFIG
